-12,-11,F2MrfoDrvpjwYbs3MTH39DlqTUs=,TP07dWySXksgAstimPzhRQcZhow=
-12,-12,F2MrfoDrvpjwYbs3MTH39DlqTUs=,TP07dWySXksgAstimPzhRQcZhow=
-13,-12,F2MrfoDrvpjwYbs3MTH39DlqTUs=,TP07dWySXksgAstimPzhRQcZhow=
-13,-11,F2MrfoDrvpjwYbs3MTH39DlqTUs=,TP07dWySXksgAstimPzhRQcZhow=
-14,-11,F2MrfoDrvpjwYbs3MTH39DlqTUs=,TP07dWySXksgAstimPzhRQcZhow=
-15,-12,F2MrfoDrvpjwYbs3MTH39DlqTUs=,TP07dWySXksgAstimPzhRQcZhow=
-11,-12,k4icO2bEQKtA2L529aAqyWPsV40=,TP07dWySXksgAstimPzhRQcZhow=
-15,-11,k4icO2bEQKtA2L529aAqyWPsV40=,TP07dWySXksgAstimPzhRQcZhow=
-14,-12,k4icO2bEQKtA2L529aAqyWPsV40=,TP07dWySXksgAstimPzhRQcZhow=
-10,-14,k4icO2bEQKtA2L529aAqyWPsV40=,TP07dWySXksgAstimPzhRQcZhow=
-10,-12,k4icO2bEQKtA2L529aAqyWPsV40=,TP07dWySXksgAstimPzhRQcZhow=
-15,-13,k4icO2bEQKtA2L529aAqyWPsV40=,TP07dWySXksgAstimPzhRQcZhow=
-13,-13,k4icO2bEQKtA2L529aAqyWPsV40=,TP07dWySXksgAstimPzhRQcZhow=
-12,-13,k4icO2bEQKtA2L529aAqyWPsV40=,TP07dWySXksgAstimPzhRQcZhow=
-10,-15,k4icO2bEQKtA2L529aAqyWPsV40=,TP07dWySXksgAstimPzhRQcZhow=
-14,-13,k4icO2bEQKtA2L529aAqyWPsV40=,TP07dWySXksgAstimPzhRQcZhow=
-10,-13,k4icO2bEQKtA2L529aAqyWPsV40=,TP07dWySXksgAstimPzhRQcZhow=
-15,-15,k4icO2bEQKtA2L529aAqyWPsV40=,TP07dWySXksgAstimPzhRQcZhow=
-13,-14,k4icO2bEQKtA2L529aAqyWPsV40=,TP07dWySXksgAstimPzhRQcZhow=
-11,-13,k4icO2bEQKtA2L529aAqyWPsV40=,TP07dWySXksgAstimPzhRQcZhow=
-13,-15,k4icO2bEQKtA2L529aAqyWPsV40=,TP07dWySXksgAstimPzhRQcZhow=
-12,-15,k4icO2bEQKtA2L529aAqyWPsV40=,TP07dWySXksgAstimPzhRQcZhow=
-14,-15,k4icO2bEQKtA2L529aAqyWPsV40=,TP07dWySXksgAstimPzhRQcZhow=
-15,-14,k4icO2bEQKtA2L529aAqyWPsV40=,TP07dWySXksgAstimPzhRQcZhow=
-11,-15,k4icO2bEQKtA2L529aAqyWPsV40=,TP07dWySXksgAstimPzhRQcZhow=
-11,-14,k4icO2bEQKtA2L529aAqyWPsV40=,TP07dWySXksgAstimPzhRQcZhow=
-14,-14,k4icO2bEQKtA2L529aAqyWPsV40=,TP07dWySXksgAstimPzhRQcZhow=
-13,-10,k4icO2bEQKtA2L529aAqyWPsV40=,TP07dWySXksgAstimPzhRQcZhow=
-11,-10,k4icO2bEQKtA2L529aAqyWPsV40=,TP07dWySXksgAstimPzhRQcZhow=
-12,-10,k4icO2bEQKtA2L529aAqyWPsV40=,TP07dWySXksgAstimPzhRQcZhow=
-14,-10,k4icO2bEQKtA2L529aAqyWPsV40=,TP07dWySXksgAstimPzhRQcZhow=
-12,-14,k4icO2bEQKtA2L529aAqyWPsV40=,TP07dWySXksgAstimPzhRQcZhow=
-10,-11,k4icO2bEQKtA2L529aAqyWPsV40=,TP07dWySXksgAstimPzhRQcZhow=
-11,-11,k4icO2bEQKtA2L529aAqyWPsV40=,TP07dWySXksgAstimPzhRQcZhow=
-10,-10,k4icO2bEQKtA2L529aAqyWPsV40=,TP07dWySXksgAstimPzhRQcZhow=
-15,-10,k4icO2bEQKtA2L529aAqyWPsV40=,TP07dWySXksgAstimPzhRQcZhow=
-13,-5,k4icO2bEQKtA2L529aAqyWPsV40=,Ry/fncOnszVKoYT4mcNDSWArpmI=
-12,-5,k4icO2bEQKtA2L529aAqyWPsV40=,Ry/fncOnszVKoYT4mcNDSWArpmI=
-14,-6,k4icO2bEQKtA2L529aAqyWPsV40=,Ry/fncOnszVKoYT4mcNDSWArpmI=
-12,-6,k4icO2bEQKtA2L529aAqyWPsV40=,Ry/fncOnszVKoYT4mcNDSWArpmI=
-11,-6,k4icO2bEQKtA2L529aAqyWPsV40=,Ry/fncOnszVKoYT4mcNDSWArpmI=
-15,-6,k4icO2bEQKtA2L529aAqyWPsV40=,Ry/fncOnszVKoYT4mcNDSWArpmI=
-14,-5,k4icO2bEQKtA2L529aAqyWPsV40=,Ry/fncOnszVKoYT4mcNDSWArpmI=
-13,-6,k4icO2bEQKtA2L529aAqyWPsV40=,Ry/fncOnszVKoYT4mcNDSWArpmI=
-10,-6,k4icO2bEQKtA2L529aAqyWPsV40=,Ry/fncOnszVKoYT4mcNDSWArpmI=
-12,-7,k4icO2bEQKtA2L529aAqyWPsV40=,Ry/fncOnszVKoYT4mcNDSWArpmI=
-13,-7,k4icO2bEQKtA2L529aAqyWPsV40=,Ry/fncOnszVKoYT4mcNDSWArpmI=
-15,-5,k4icO2bEQKtA2L529aAqyWPsV40=,Ry/fncOnszVKoYT4mcNDSWArpmI=
-15,-7,k4icO2bEQKtA2L529aAqyWPsV40=,Ry/fncOnszVKoYT4mcNDSWArpmI=
-11,-2,k4icO2bEQKtA2L529aAqyWPsV40=,Ry/fncOnszVKoYT4mcNDSWArpmI=
-14,-2,k4icO2bEQKtA2L529aAqyWPsV40=,Ry/fncOnszVKoYT4mcNDSWArpmI=
-15,-2,k4icO2bEQKtA2L529aAqyWPsV40=,Ry/fncOnszVKoYT4mcNDSWArpmI=
-11,-7,k4icO2bEQKtA2L529aAqyWPsV40=,Ry/fncOnszVKoYT4mcNDSWArpmI=
-14,-7,k4icO2bEQKtA2L529aAqyWPsV40=,Ry/fncOnszVKoYT4mcNDSWArpmI=
-11,-5,k4icO2bEQKtA2L529aAqyWPsV40=,Ry/fncOnszVKoYT4mcNDSWArpmI=
-10,-2,k4icO2bEQKtA2L529aAqyWPsV40=,Ry/fncOnszVKoYT4mcNDSWArpmI=
-11,-8,k4icO2bEQKtA2L529aAqyWPsV40=,Ry/fncOnszVKoYT4mcNDSWArpmI=
-10,-7,k4icO2bEQKtA2L529aAqyWPsV40=,Ry/fncOnszVKoYT4mcNDSWArpmI=
-13,-2,k4icO2bEQKtA2L529aAqyWPsV40=,Ry/fncOnszVKoYT4mcNDSWArpmI=
-12,-2,k4icO2bEQKtA2L529aAqyWPsV40=,Ry/fncOnszVKoYT4mcNDSWArpmI=
-10,-8,k4icO2bEQKtA2L529aAqyWPsV40=,Ry/fncOnszVKoYT4mcNDSWArpmI=
-15,-8,k4icO2bEQKtA2L529aAqyWPsV40=,Ry/fncOnszVKoYT4mcNDSWArpmI=
-10,-5,k4icO2bEQKtA2L529aAqyWPsV40=,Ry/fncOnszVKoYT4mcNDSWArpmI=
-12,-8,k4icO2bEQKtA2L529aAqyWPsV40=,Ry/fncOnszVKoYT4mcNDSWArpmI=
-11,-9,k4icO2bEQKtA2L529aAqyWPsV40=,TP07dWySXksgAstimPzhRQcZhow=
-10,-9,k4icO2bEQKtA2L529aAqyWPsV40=,TP07dWySXksgAstimPzhRQcZhow=
-14,-8,k4icO2bEQKtA2L529aAqyWPsV40=,Ry/fncOnszVKoYT4mcNDSWArpmI=
-15,-3,k4icO2bEQKtA2L529aAqyWPsV40=,Ry/fncOnszVKoYT4mcNDSWArpmI=
-13,-9,k4icO2bEQKtA2L529aAqyWPsV40=,TP07dWySXksgAstimPzhRQcZhow=
-13,-8,k4icO2bEQKtA2L529aAqyWPsV40=,Ry/fncOnszVKoYT4mcNDSWArpmI=
-10,-3,k4icO2bEQKtA2L529aAqyWPsV40=,Ry/fncOnszVKoYT4mcNDSWArpmI=
-11,-3,k4icO2bEQKtA2L529aAqyWPsV40=,Ry/fncOnszVKoYT4mcNDSWArpmI=
-12,-9,k4icO2bEQKtA2L529aAqyWPsV40=,TP07dWySXksgAstimPzhRQcZhow=
-14,-3,k4icO2bEQKtA2L529aAqyWPsV40=,Ry/fncOnszVKoYT4mcNDSWArpmI=
-15,-4,k4icO2bEQKtA2L529aAqyWPsV40=,Ry/fncOnszVKoYT4mcNDSWArpmI=
-12,-4,k4icO2bEQKtA2L529aAqyWPsV40=,Ry/fncOnszVKoYT4mcNDSWArpmI=
-12,-3,k4icO2bEQKtA2L529aAqyWPsV40=,Ry/fncOnszVKoYT4mcNDSWArpmI=
-14,-9,k4icO2bEQKtA2L529aAqyWPsV40=,TP07dWySXksgAstimPzhRQcZhow=
-10,-4,k4icO2bEQKtA2L529aAqyWPsV40=,Ry/fncOnszVKoYT4mcNDSWArpmI=
-13,-4,k4icO2bEQKtA2L529aAqyWPsV40=,Ry/fncOnszVKoYT4mcNDSWArpmI=
-13,-3,k4icO2bEQKtA2L529aAqyWPsV40=,Ry/fncOnszVKoYT4mcNDSWArpmI=
-11,-4,k4icO2bEQKtA2L529aAqyWPsV40=,Ry/fncOnszVKoYT4mcNDSWArpmI=
-15,-9,k4icO2bEQKtA2L529aAqyWPsV40=,TP07dWySXksgAstimPzhRQcZhow=
-14,-4,k4icO2bEQKtA2L529aAqyWPsV40=,Ry/fncOnszVKoYT4mcNDSWArpmI=
-9,-11,k4icO2bEQKtA2L529aAqyWPsV40=,TP07dWySXksgAstimPzhRQcZhow=
-9,-10,k4icO2bEQKtA2L529aAqyWPsV40=,TP07dWySXksgAstimPzhRQcZhow=
-8,-15,k4icO2bEQKtA2L529aAqyWPsV40=,yh9shuYHXzTZj1R06pGQRzdven0=
-7,-15,k4icO2bEQKtA2L529aAqyWPsV40=,yh9shuYHXzTZj1R06pGQRzdven0=
-6,-10,k4icO2bEQKtA2L529aAqyWPsV40=,yh9shuYHXzTZj1R06pGQRzdven0=
-3,-10,k4icO2bEQKtA2L529aAqyWPsV40=,yh9shuYHXzTZj1R06pGQRzdven0=
-5,-10,k4icO2bEQKtA2L529aAqyWPsV40=,yh9shuYHXzTZj1R06pGQRzdven0=
-9,-12,k4icO2bEQKtA2L529aAqyWPsV40=,TP07dWySXksgAstimPzhRQcZhow=
-8,-10,k4icO2bEQKtA2L529aAqyWPsV40=,yh9shuYHXzTZj1R06pGQRzdven0=
-4,-10,k4icO2bEQKtA2L529aAqyWPsV40=,yh9shuYHXzTZj1R06pGQRzdven0=
-7,-10,k4icO2bEQKtA2L529aAqyWPsV40=,yh9shuYHXzTZj1R06pGQRzdven0=
-8,-11,k4icO2bEQKtA2L529aAqyWPsV40=,yh9shuYHXzTZj1R06pGQRzdven0=
-5,-11,k4icO2bEQKtA2L529aAqyWPsV40=,yh9shuYHXzTZj1R06pGQRzdven0=
-6,-15,k4icO2bEQKtA2L529aAqyWPsV40=,yh9shuYHXzTZj1R06pGQRzdven0=
-3,-11,k4icO2bEQKtA2L529aAqyWPsV40=,yh9shuYHXzTZj1R06pGQRzdven0=
-6,-11,k4icO2bEQKtA2L529aAqyWPsV40=,yh9shuYHXzTZj1R06pGQRzdven0=
-4,-11,k4icO2bEQKtA2L529aAqyWPsV40=,yh9shuYHXzTZj1R06pGQRzdven0=
-4,-12,k4icO2bEQKtA2L529aAqyWPsV40=,yh9shuYHXzTZj1R06pGQRzdven0=
-2,-11,k4icO2bEQKtA2L529aAqyWPsV40=,yh9shuYHXzTZj1R06pGQRzdven0=
-2,-10,k4icO2bEQKtA2L529aAqyWPsV40=,yh9shuYHXzTZj1R06pGQRzdven0=
-7,-11,k4icO2bEQKtA2L529aAqyWPsV40=,yh9shuYHXzTZj1R06pGQRzdven0=
-3,-12,k4icO2bEQKtA2L529aAqyWPsV40=,yh9shuYHXzTZj1R06pGQRzdven0=
-2,-12,k4icO2bEQKtA2L529aAqyWPsV40=,yh9shuYHXzTZj1R06pGQRzdven0=
-5,-15,k4icO2bEQKtA2L529aAqyWPsV40=,yh9shuYHXzTZj1R06pGQRzdven0=
-6,-12,k4icO2bEQKtA2L529aAqyWPsV40=,yh9shuYHXzTZj1R06pGQRzdven0=
-4,-15,k4icO2bEQKtA2L529aAqyWPsV40=,yh9shuYHXzTZj1R06pGQRzdven0=
-3,-15,k4icO2bEQKtA2L529aAqyWPsV40=,yh9shuYHXzTZj1R06pGQRzdven0=
-5,-12,k4icO2bEQKtA2L529aAqyWPsV40=,yh9shuYHXzTZj1R06pGQRzdven0=
-7,-12,k4icO2bEQKtA2L529aAqyWPsV40=,yh9shuYHXzTZj1R06pGQRzdven0=
-9,-13,k4icO2bEQKtA2L529aAqyWPsV40=,TP07dWySXksgAstimPzhRQcZhow=
-2,-15,k4icO2bEQKtA2L529aAqyWPsV40=,yh9shuYHXzTZj1R06pGQRzdven0=
-8,-14,k4icO2bEQKtA2L529aAqyWPsV40=,yh9shuYHXzTZj1R06pGQRzdven0=
-7,-14,k4icO2bEQKtA2L529aAqyWPsV40=,yh9shuYHXzTZj1R06pGQRzdven0=
-2,-13,k4icO2bEQKtA2L529aAqyWPsV40=,yh9shuYHXzTZj1R06pGQRzdven0=
-6,-14,k4icO2bEQKtA2L529aAqyWPsV40=,yh9shuYHXzTZj1R06pGQRzdven0=
-9,-14,k4icO2bEQKtA2L529aAqyWPsV40=,TP07dWySXksgAstimPzhRQcZhow=
-4,-13,k4icO2bEQKtA2L529aAqyWPsV40=,yh9shuYHXzTZj1R06pGQRzdven0=
-5,-14,k4icO2bEQKtA2L529aAqyWPsV40=,yh9shuYHXzTZj1R06pGQRzdven0=
-9,-15,k4icO2bEQKtA2L529aAqyWPsV40=,TP07dWySXksgAstimPzhRQcZhow=
-3,-13,k4icO2bEQKtA2L529aAqyWPsV40=,yh9shuYHXzTZj1R06pGQRzdven0=
-3,-14,k4icO2bEQKtA2L529aAqyWPsV40=,yh9shuYHXzTZj1R06pGQRzdven0=
-8,-13,k4icO2bEQKtA2L529aAqyWPsV40=,yh9shuYHXzTZj1R06pGQRzdven0=
-2,-14,k4icO2bEQKtA2L529aAqyWPsV40=,yh9shuYHXzTZj1R06pGQRzdven0=
-5,-13,k4icO2bEQKtA2L529aAqyWPsV40=,yh9shuYHXzTZj1R06pGQRzdven0=
-8,-12,k4icO2bEQKtA2L529aAqyWPsV40=,yh9shuYHXzTZj1R06pGQRzdven0=
-4,-14,k4icO2bEQKtA2L529aAqyWPsV40=,yh9shuYHXzTZj1R06pGQRzdven0=
-7,-13,k4icO2bEQKtA2L529aAqyWPsV40=,yh9shuYHXzTZj1R06pGQRzdven0=
-6,-13,k4icO2bEQKtA2L529aAqyWPsV40=,yh9shuYHXzTZj1R06pGQRzdven0=
-7,-9,k4icO2bEQKtA2L529aAqyWPsV40=,yh9shuYHXzTZj1R06pGQRzdven0=
-9,-6,k4icO2bEQKtA2L529aAqyWPsV40=,Ry/fncOnszVKoYT4mcNDSWArpmI=
-6,-8,k4icO2bEQKtA2L529aAqyWPsV40=,Q53ihlK4J7QbbWpNSDgeNPfJWJA=
-8,-9,k4icO2bEQKtA2L529aAqyWPsV40=,yh9shuYHXzTZj1R06pGQRzdven0=
-6,-9,k4icO2bEQKtA2L529aAqyWPsV40=,yh9shuYHXzTZj1R06pGQRzdven0=
-4,-9,k4icO2bEQKtA2L529aAqyWPsV40=,yh9shuYHXzTZj1R06pGQRzdven0=
-9,-7,k4icO2bEQKtA2L529aAqyWPsV40=,Ry/fncOnszVKoYT4mcNDSWArpmI=
-7,-8,k4icO2bEQKtA2L529aAqyWPsV40=,Q53ihlK4J7QbbWpNSDgeNPfJWJA=
-7,-5,k4icO2bEQKtA2L529aAqyWPsV40=,Q53ihlK4J7QbbWpNSDgeNPfJWJA=
-5,-9,k4icO2bEQKtA2L529aAqyWPsV40=,yh9shuYHXzTZj1R06pGQRzdven0=
-8,-5,k4icO2bEQKtA2L529aAqyWPsV40=,Q53ihlK4J7QbbWpNSDgeNPfJWJA=
-6,-7,k4icO2bEQKtA2L529aAqyWPsV40=,Q53ihlK4J7QbbWpNSDgeNPfJWJA=
-7,-3,k4icO2bEQKtA2L529aAqyWPsV40=,Q53ihlK4J7QbbWpNSDgeNPfJWJA=
-3,-2,k4icO2bEQKtA2L529aAqyWPsV40=,Q53ihlK4J7QbbWpNSDgeNPfJWJA=
-7,-7,k4icO2bEQKtA2L529aAqyWPsV40=,Q53ihlK4J7QbbWpNSDgeNPfJWJA=
-4,-2,k4icO2bEQKtA2L529aAqyWPsV40=,Q53ihlK4J7QbbWpNSDgeNPfJWJA=
-8,-7,k4icO2bEQKtA2L529aAqyWPsV40=,Q53ihlK4J7QbbWpNSDgeNPfJWJA=
-6,-3,k4icO2bEQKtA2L529aAqyWPsV40=,Q53ihlK4J7QbbWpNSDgeNPfJWJA=
-5,-2,k4icO2bEQKtA2L529aAqyWPsV40=,Q53ihlK4J7QbbWpNSDgeNPfJWJA=
-5,-6,k4icO2bEQKtA2L529aAqyWPsV40=,Q53ihlK4J7QbbWpNSDgeNPfJWJA=
-2,-5,k4icO2bEQKtA2L529aAqyWPsV40=,Q53ihlK4J7QbbWpNSDgeNPfJWJA=
-9,-2,k4icO2bEQKtA2L529aAqyWPsV40=,Ry/fncOnszVKoYT4mcNDSWArpmI=
-3,-3,k4icO2bEQKtA2L529aAqyWPsV40=,Q53ihlK4J7QbbWpNSDgeNPfJWJA=
-8,-6,k4icO2bEQKtA2L529aAqyWPsV40=,Q53ihlK4J7QbbWpNSDgeNPfJWJA=
-3,-9,k4icO2bEQKtA2L529aAqyWPsV40=,yh9shuYHXzTZj1R06pGQRzdven0=
-5,-7,k4icO2bEQKtA2L529aAqyWPsV40=,Q53ihlK4J7QbbWpNSDgeNPfJWJA=
-8,-3,k4icO2bEQKtA2L529aAqyWPsV40=,Q53ihlK4J7QbbWpNSDgeNPfJWJA=
-5,-3,k4icO2bEQKtA2L529aAqyWPsV40=,Q53ihlK4J7QbbWpNSDgeNPfJWJA=
-7,-6,k4icO2bEQKtA2L529aAqyWPsV40=,Q53ihlK4J7QbbWpNSDgeNPfJWJA=
-9,-8,k4icO2bEQKtA2L529aAqyWPsV40=,Ry/fncOnszVKoYT4mcNDSWArpmI=
-2,-4,k4icO2bEQKtA2L529aAqyWPsV40=,Q53ihlK4J7QbbWpNSDgeNPfJWJA=
-6,-6,k4icO2bEQKtA2L529aAqyWPsV40=,Q53ihlK4J7QbbWpNSDgeNPfJWJA=
-6,-2,k4icO2bEQKtA2L529aAqyWPsV40=,Q53ihlK4J7QbbWpNSDgeNPfJWJA=
-4,-3,k4icO2bEQKtA2L529aAqyWPsV40=,Q53ihlK4J7QbbWpNSDgeNPfJWJA=
-3,-4,k4icO2bEQKtA2L529aAqyWPsV40=,Q53ihlK4J7QbbWpNSDgeNPfJWJA=
-9,-3,k4icO2bEQKtA2L529aAqyWPsV40=,Ry/fncOnszVKoYT4mcNDSWArpmI=
-6,-4,k4icO2bEQKtA2L529aAqyWPsV40=,Q53ihlK4J7QbbWpNSDgeNPfJWJA=
-2,-8,k4icO2bEQKtA2L529aAqyWPsV40=,Q53ihlK4J7QbbWpNSDgeNPfJWJA=
-5,-4,k4icO2bEQKtA2L529aAqyWPsV40=,Q53ihlK4J7QbbWpNSDgeNPfJWJA=
-2,-7,k4icO2bEQKtA2L529aAqyWPsV40=,Q53ihlK4J7QbbWpNSDgeNPfJWJA=
-9,-4,k4icO2bEQKtA2L529aAqyWPsV40=,Ry/fncOnszVKoYT4mcNDSWArpmI=
-2,-2,k4icO2bEQKtA2L529aAqyWPsV40=,Q53ihlK4J7QbbWpNSDgeNPfJWJA=
-4,-4,k4icO2bEQKtA2L529aAqyWPsV40=,Q53ihlK4J7QbbWpNSDgeNPfJWJA=
-9,-9,k4icO2bEQKtA2L529aAqyWPsV40=,TP07dWySXksgAstimPzhRQcZhow=
-3,-5,k4icO2bEQKtA2L529aAqyWPsV40=,Q53ihlK4J7QbbWpNSDgeNPfJWJA=
-8,-8,k4icO2bEQKtA2L529aAqyWPsV40=,Q53ihlK4J7QbbWpNSDgeNPfJWJA=
-4,-5,k4icO2bEQKtA2L529aAqyWPsV40=,Q53ihlK4J7QbbWpNSDgeNPfJWJA=
-7,-2,k4icO2bEQKtA2L529aAqyWPsV40=,Q53ihlK4J7QbbWpNSDgeNPfJWJA=
-3,-7,k4icO2bEQKtA2L529aAqyWPsV40=,Q53ihlK4J7QbbWpNSDgeNPfJWJA=
-7,-4,k4icO2bEQKtA2L529aAqyWPsV40=,Q53ihlK4J7QbbWpNSDgeNPfJWJA=
-5,-5,k4icO2bEQKtA2L529aAqyWPsV40=,Q53ihlK4J7QbbWpNSDgeNPfJWJA=
-9,-5,k4icO2bEQKtA2L529aAqyWPsV40=,Ry/fncOnszVKoYT4mcNDSWArpmI=
-5,-8,k4icO2bEQKtA2L529aAqyWPsV40=,Q53ihlK4J7QbbWpNSDgeNPfJWJA=
-3,-8,k4icO2bEQKtA2L529aAqyWPsV40=,Q53ihlK4J7QbbWpNSDgeNPfJWJA=
-4,-8,k4icO2bEQKtA2L529aAqyWPsV40=,Q53ihlK4J7QbbWpNSDgeNPfJWJA=
-8,-2,k4icO2bEQKtA2L529aAqyWPsV40=,Q53ihlK4J7QbbWpNSDgeNPfJWJA=
-4,-7,k4icO2bEQKtA2L529aAqyWPsV40=,Q53ihlK4J7QbbWpNSDgeNPfJWJA=
-2,-9,k4icO2bEQKtA2L529aAqyWPsV40=,yh9shuYHXzTZj1R06pGQRzdven0=
-8,-4,k4icO2bEQKtA2L529aAqyWPsV40=,Q53ihlK4J7QbbWpNSDgeNPfJWJA=
-6,-5,k4icO2bEQKtA2L529aAqyWPsV40=,Q53ihlK4J7QbbWpNSDgeNPfJWJA=
-4,-6,k4icO2bEQKtA2L529aAqyWPsV40=,Q53ihlK4J7QbbWpNSDgeNPfJWJA=
-2,-3,k4icO2bEQKtA2L529aAqyWPsV40=,Q53ihlK4J7QbbWpNSDgeNPfJWJA=
-2,-6,k4icO2bEQKtA2L529aAqyWPsV40=,Q53ihlK4J7QbbWpNSDgeNPfJWJA=
-3,-6,k4icO2bEQKtA2L529aAqyWPsV40=,Q53ihlK4J7QbbWpNSDgeNPfJWJA=
-10,-1,k4icO2bEQKtA2L529aAqyWPsV40=,Ry/fncOnszVKoYT4mcNDSWArpmI=
-11,-1,k4icO2bEQKtA2L529aAqyWPsV40=,Ry/fncOnszVKoYT4mcNDSWArpmI=
-12,-1,k4icO2bEQKtA2L529aAqyWPsV40=,Ry/fncOnszVKoYT4mcNDSWArpmI=
-14,-1,k4icO2bEQKtA2L529aAqyWPsV40=,Ry/fncOnszVKoYT4mcNDSWArpmI=
-15,-1,k4icO2bEQKtA2L529aAqyWPsV40=,Ry/fncOnszVKoYT4mcNDSWArpmI=
-13,-1,k4icO2bEQKtA2L529aAqyWPsV40=,Ry/fncOnszVKoYT4mcNDSWArpmI=
-1,-14,k4icO2bEQKtA2L529aAqyWPsV40=,yh9shuYHXzTZj1R06pGQRzdven0=
-1,-15,k4icO2bEQKtA2L529aAqyWPsV40=,yh9shuYHXzTZj1R06pGQRzdven0=
-9,-1,k4icO2bEQKtA2L529aAqyWPsV40=,Ry/fncOnszVKoYT4mcNDSWArpmI=
-1,-12,k4icO2bEQKtA2L529aAqyWPsV40=,yh9shuYHXzTZj1R06pGQRzdven0=
-1,-13,k4icO2bEQKtA2L529aAqyWPsV40=,yh9shuYHXzTZj1R06pGQRzdven0=
-6,-1,k4icO2bEQKtA2L529aAqyWPsV40=,Q53ihlK4J7QbbWpNSDgeNPfJWJA=
-1,-10,k4icO2bEQKtA2L529aAqyWPsV40=,yh9shuYHXzTZj1R06pGQRzdven0=
-1,-9,k4icO2bEQKtA2L529aAqyWPsV40=,yh9shuYHXzTZj1R06pGQRzdven0=
-1,-11,k4icO2bEQKtA2L529aAqyWPsV40=,yh9shuYHXzTZj1R06pGQRzdven0=
-8,-1,k4icO2bEQKtA2L529aAqyWPsV40=,Q53ihlK4J7QbbWpNSDgeNPfJWJA=
-4,-1,k4icO2bEQKtA2L529aAqyWPsV40=,Q53ihlK4J7QbbWpNSDgeNPfJWJA=
-7,-1,k4icO2bEQKtA2L529aAqyWPsV40=,Q53ihlK4J7QbbWpNSDgeNPfJWJA=
-5,-1,k4icO2bEQKtA2L529aAqyWPsV40=,Q53ihlK4J7QbbWpNSDgeNPfJWJA=
-1,-5,k4icO2bEQKtA2L529aAqyWPsV40=,Q53ihlK4J7QbbWpNSDgeNPfJWJA=
-3,-1,k4icO2bEQKtA2L529aAqyWPsV40=,Q53ihlK4J7QbbWpNSDgeNPfJWJA=
-1,-8,k4icO2bEQKtA2L529aAqyWPsV40=,Q53ihlK4J7QbbWpNSDgeNPfJWJA=
-2,-1,k4icO2bEQKtA2L529aAqyWPsV40=,Q53ihlK4J7QbbWpNSDgeNPfJWJA=
-1,-6,k4icO2bEQKtA2L529aAqyWPsV40=,Q53ihlK4J7QbbWpNSDgeNPfJWJA=
-1,-7,k4icO2bEQKtA2L529aAqyWPsV40=,Q53ihlK4J7QbbWpNSDgeNPfJWJA=
-1,-2,k4icO2bEQKtA2L529aAqyWPsV40=,Q53ihlK4J7QbbWpNSDgeNPfJWJA=
-1,-3,k4icO2bEQKtA2L529aAqyWPsV40=,Q53ihlK4J7QbbWpNSDgeNPfJWJA=
-1,-4,k4icO2bEQKtA2L529aAqyWPsV40=,Q53ihlK4J7QbbWpNSDgeNPfJWJA=
-16,-5,k4icO2bEQKtA2L529aAqyWPsV40=,Ry/fncOnszVKoYT4mcNDSWArpmI=
-10,-16,k4icO2bEQKtA2L529aAqyWPsV40=,TP07dWySXksgAstimPzhRQcZhow=
-16,-4,k4icO2bEQKtA2L529aAqyWPsV40=,Ry/fncOnszVKoYT4mcNDSWArpmI=
-16,-6,k4icO2bEQKtA2L529aAqyWPsV40=,Ry/fncOnszVKoYT4mcNDSWArpmI=
-16,-7,k4icO2bEQKtA2L529aAqyWPsV40=,Ry/fncOnszVKoYT4mcNDSWArpmI=
-7,-16,k4icO2bEQKtA2L529aAqyWPsV40=,yh9shuYHXzTZj1R06pGQRzdven0=
-16,-11,k4icO2bEQKtA2L529aAqyWPsV40=,TP07dWySXksgAstimPzhRQcZhow=
-12,-16,k4icO2bEQKtA2L529aAqyWPsV40=,TP07dWySXksgAstimPzhRQcZhow=
-8,-16,k4icO2bEQKtA2L529aAqyWPsV40=,yh9shuYHXzTZj1R06pGQRzdven0=
-16,-1,k4icO2bEQKtA2L529aAqyWPsV40=,Ry/fncOnszVKoYT4mcNDSWArpmI=
-11,-16,k4icO2bEQKtA2L529aAqyWPsV40=,TP07dWySXksgAstimPzhRQcZhow=
-9,-16,k4icO2bEQKtA2L529aAqyWPsV40=,TP07dWySXksgAstimPzhRQcZhow=
-15,-16,k4icO2bEQKtA2L529aAqyWPsV40=,TP07dWySXksgAstimPzhRQcZhow=
-4,-16,k4icO2bEQKtA2L529aAqyWPsV40=,yh9shuYHXzTZj1R06pGQRzdven0=
-3,-16,k4icO2bEQKtA2L529aAqyWPsV40=,yh9shuYHXzTZj1R06pGQRzdven0=
-16,-13,k4icO2bEQKtA2L529aAqyWPsV40=,TP07dWySXksgAstimPzhRQcZhow=
-14,-16,k4icO2bEQKtA2L529aAqyWPsV40=,TP07dWySXksgAstimPzhRQcZhow=
-16,-12,k4icO2bEQKtA2L529aAqyWPsV40=,TP07dWySXksgAstimPzhRQcZhow=
-13,-16,k4icO2bEQKtA2L529aAqyWPsV40=,TP07dWySXksgAstimPzhRQcZhow=
-2,-16,k4icO2bEQKtA2L529aAqyWPsV40=,yh9shuYHXzTZj1R06pGQRzdven0=
-16,-15,k4icO2bEQKtA2L529aAqyWPsV40=,TP07dWySXksgAstimPzhRQcZhow=
-6,-16,k4icO2bEQKtA2L529aAqyWPsV40=,yh9shuYHXzTZj1R06pGQRzdven0=
-16,-10,k4icO2bEQKtA2L529aAqyWPsV40=,TP07dWySXksgAstimPzhRQcZhow=
-16,-14,k4icO2bEQKtA2L529aAqyWPsV40=,TP07dWySXksgAstimPzhRQcZhow=
-16,-2,k4icO2bEQKtA2L529aAqyWPsV40=,Ry/fncOnszVKoYT4mcNDSWArpmI=
-16,-3,k4icO2bEQKtA2L529aAqyWPsV40=,Ry/fncOnszVKoYT4mcNDSWArpmI=
-16,-9,k4icO2bEQKtA2L529aAqyWPsV40=,TP07dWySXksgAstimPzhRQcZhow=
-16,-8,k4icO2bEQKtA2L529aAqyWPsV40=,Ry/fncOnszVKoYT4mcNDSWArpmI=
-5,-16,k4icO2bEQKtA2L529aAqyWPsV40=,yh9shuYHXzTZj1R06pGQRzdven0=
-16,-16,k4icO2bEQKtA2L529aAqyWPsV40=,TP07dWySXksgAstimPzhRQcZhow=
-1,-16,k4icO2bEQKtA2L529aAqyWPsV40=,yh9shuYHXzTZj1R06pGQRzdven0=
-1,-1,k4icO2bEQKtA2L529aAqyWPsV40=,Q53ihlK4J7QbbWpNSDgeNPfJWJA=
-13,-21,k4icO2bEQKtA2L529aAqyWPsV40=,aeCaSW15O5zpBdPuelpoo4N1PHs=
-10,-22,k4icO2bEQKtA2L529aAqyWPsV40=,aeCaSW15O5zpBdPuelpoo4N1PHs=
-12,-21,k4icO2bEQKtA2L529aAqyWPsV40=,aeCaSW15O5zpBdPuelpoo4N1PHs=
-11,-22,k4icO2bEQKtA2L529aAqyWPsV40=,aeCaSW15O5zpBdPuelpoo4N1PHs=
-10,-23,k4icO2bEQKtA2L529aAqyWPsV40=,aeCaSW15O5zpBdPuelpoo4N1PHs=
-15,-21,k4icO2bEQKtA2L529aAqyWPsV40=,aeCaSW15O5zpBdPuelpoo4N1PHs=
-14,-22,k4icO2bEQKtA2L529aAqyWPsV40=,aeCaSW15O5zpBdPuelpoo4N1PHs=
-10,-18,k4icO2bEQKtA2L529aAqyWPsV40=,aeCaSW15O5zpBdPuelpoo4N1PHs=
-14,-21,k4icO2bEQKtA2L529aAqyWPsV40=,aeCaSW15O5zpBdPuelpoo4N1PHs=
-15,-22,k4icO2bEQKtA2L529aAqyWPsV40=,aeCaSW15O5zpBdPuelpoo4N1PHs=
-12,-22,k4icO2bEQKtA2L529aAqyWPsV40=,aeCaSW15O5zpBdPuelpoo4N1PHs=
-11,-18,k4icO2bEQKtA2L529aAqyWPsV40=,aeCaSW15O5zpBdPuelpoo4N1PHs=
-14,-23,k4icO2bEQKtA2L529aAqyWPsV40=,aeCaSW15O5zpBdPuelpoo4N1PHs=
-13,-18,k4icO2bEQKtA2L529aAqyWPsV40=,aeCaSW15O5zpBdPuelpoo4N1PHs=
-13,-23,k4icO2bEQKtA2L529aAqyWPsV40=,aeCaSW15O5zpBdPuelpoo4N1PHs=
-10,-19,k4icO2bEQKtA2L529aAqyWPsV40=,aeCaSW15O5zpBdPuelpoo4N1PHs=
-12,-19,k4icO2bEQKtA2L529aAqyWPsV40=,aeCaSW15O5zpBdPuelpoo4N1PHs=
-13,-19,k4icO2bEQKtA2L529aAqyWPsV40=,aeCaSW15O5zpBdPuelpoo4N1PHs=
-11,-19,k4icO2bEQKtA2L529aAqyWPsV40=,aeCaSW15O5zpBdPuelpoo4N1PHs=
-15,-18,k4icO2bEQKtA2L529aAqyWPsV40=,aeCaSW15O5zpBdPuelpoo4N1PHs=
-14,-19,k4icO2bEQKtA2L529aAqyWPsV40=,aeCaSW15O5zpBdPuelpoo4N1PHs=
-14,-18,k4icO2bEQKtA2L529aAqyWPsV40=,aeCaSW15O5zpBdPuelpoo4N1PHs=
-15,-19,k4icO2bEQKtA2L529aAqyWPsV40=,aeCaSW15O5zpBdPuelpoo4N1PHs=
-10,-20,k4icO2bEQKtA2L529aAqyWPsV40=,aeCaSW15O5zpBdPuelpoo4N1PHs=
-15,-23,k4icO2bEQKtA2L529aAqyWPsV40=,aeCaSW15O5zpBdPuelpoo4N1PHs=
-11,-20,k4icO2bEQKtA2L529aAqyWPsV40=,aeCaSW15O5zpBdPuelpoo4N1PHs=
-12,-20,k4icO2bEQKtA2L529aAqyWPsV40=,aeCaSW15O5zpBdPuelpoo4N1PHs=
-13,-20,k4icO2bEQKtA2L529aAqyWPsV40=,aeCaSW15O5zpBdPuelpoo4N1PHs=
-13,-22,k4icO2bEQKtA2L529aAqyWPsV40=,aeCaSW15O5zpBdPuelpoo4N1PHs=
-12,-18,k4icO2bEQKtA2L529aAqyWPsV40=,aeCaSW15O5zpBdPuelpoo4N1PHs=
-14,-20,k4icO2bEQKtA2L529aAqyWPsV40=,aeCaSW15O5zpBdPuelpoo4N1PHs=
-15,-20,k4icO2bEQKtA2L529aAqyWPsV40=,aeCaSW15O5zpBdPuelpoo4N1PHs=
-11,-21,k4icO2bEQKtA2L529aAqyWPsV40=,aeCaSW15O5zpBdPuelpoo4N1PHs=
-10,-21,k4icO2bEQKtA2L529aAqyWPsV40=,aeCaSW15O5zpBdPuelpoo4N1PHs=
-11,-23,k4icO2bEQKtA2L529aAqyWPsV40=,aeCaSW15O5zpBdPuelpoo4N1PHs=
-7,-21,k4icO2bEQKtA2L529aAqyWPsV40=,Ep826ctnChNy1foJjXeJvKP0Y3E=
-3,-19,k4icO2bEQKtA2L529aAqyWPsV40=,Ep826ctnChNy1foJjXeJvKP0Y3E=
-9,-22,k4icO2bEQKtA2L529aAqyWPsV40=,aeCaSW15O5zpBdPuelpoo4N1PHs=
-12,-23,k4icO2bEQKtA2L529aAqyWPsV40=,aeCaSW15O5zpBdPuelpoo4N1PHs=
-2,-19,k4icO2bEQKtA2L529aAqyWPsV40=,Ep826ctnChNy1foJjXeJvKP0Y3E=
-4,-19,k4icO2bEQKtA2L529aAqyWPsV40=,Ep826ctnChNy1foJjXeJvKP0Y3E=
-9,-21,k4icO2bEQKtA2L529aAqyWPsV40=,aeCaSW15O5zpBdPuelpoo4N1PHs=
-4,-18,k4icO2bEQKtA2L529aAqyWPsV40=,Ep826ctnChNy1foJjXeJvKP0Y3E=
-3,-18,k4icO2bEQKtA2L529aAqyWPsV40=,Ep826ctnChNy1foJjXeJvKP0Y3E=
-7,-22,k4icO2bEQKtA2L529aAqyWPsV40=,Ep826ctnChNy1foJjXeJvKP0Y3E=
-8,-18,k4icO2bEQKtA2L529aAqyWPsV40=,Ep826ctnChNy1foJjXeJvKP0Y3E=
-8,-20,k4icO2bEQKtA2L529aAqyWPsV40=,Ep826ctnChNy1foJjXeJvKP0Y3E=
-9,-23,k4icO2bEQKtA2L529aAqyWPsV40=,aeCaSW15O5zpBdPuelpoo4N1PHs=
-8,-21,k4icO2bEQKtA2L529aAqyWPsV40=,Ep826ctnChNy1foJjXeJvKP0Y3E=
-9,-19,k4icO2bEQKtA2L529aAqyWPsV40=,aeCaSW15O5zpBdPuelpoo4N1PHs=
-9,-18,k4icO2bEQKtA2L529aAqyWPsV40=,aeCaSW15O5zpBdPuelpoo4N1PHs=
-3,-21,k4icO2bEQKtA2L529aAqyWPsV40=,Ep826ctnChNy1foJjXeJvKP0Y3E=
-4,-21,k4icO2bEQKtA2L529aAqyWPsV40=,Ep826ctnChNy1foJjXeJvKP0Y3E=
-5,-19,k4icO2bEQKtA2L529aAqyWPsV40=,Ep826ctnChNy1foJjXeJvKP0Y3E=
-3,-20,k4icO2bEQKtA2L529aAqyWPsV40=,Ep826ctnChNy1foJjXeJvKP0Y3E=
-7,-18,k4icO2bEQKtA2L529aAqyWPsV40=,Ep826ctnChNy1foJjXeJvKP0Y3E=
-4,-20,k4icO2bEQKtA2L529aAqyWPsV40=,Ep826ctnChNy1foJjXeJvKP0Y3E=
-3,-22,k4icO2bEQKtA2L529aAqyWPsV40=,Ep826ctnChNy1foJjXeJvKP0Y3E=
-2,-21,k4icO2bEQKtA2L529aAqyWPsV40=,Ep826ctnChNy1foJjXeJvKP0Y3E=
-7,-20,k4icO2bEQKtA2L529aAqyWPsV40=,Ep826ctnChNy1foJjXeJvKP0Y3E=
-9,-20,k4icO2bEQKtA2L529aAqyWPsV40=,aeCaSW15O5zpBdPuelpoo4N1PHs=
-4,-22,k4icO2bEQKtA2L529aAqyWPsV40=,Ep826ctnChNy1foJjXeJvKP0Y3E=
-8,-22,k4icO2bEQKtA2L529aAqyWPsV40=,Ep826ctnChNy1foJjXeJvKP0Y3E=
-5,-23,k4icO2bEQKtA2L529aAqyWPsV40=,Ep826ctnChNy1foJjXeJvKP0Y3E=
-7,-19,k4icO2bEQKtA2L529aAqyWPsV40=,Ep826ctnChNy1foJjXeJvKP0Y3E=
-7,-23,k4icO2bEQKtA2L529aAqyWPsV40=,Ep826ctnChNy1foJjXeJvKP0Y3E=
-6,-19,k4icO2bEQKtA2L529aAqyWPsV40=,Ep826ctnChNy1foJjXeJvKP0Y3E=
-8,-19,k4icO2bEQKtA2L529aAqyWPsV40=,Ep826ctnChNy1foJjXeJvKP0Y3E=
-3,-23,k4icO2bEQKtA2L529aAqyWPsV40=,Ep826ctnChNy1foJjXeJvKP0Y3E=
-8,-23,k4icO2bEQKtA2L529aAqyWPsV40=,Ep826ctnChNy1foJjXeJvKP0Y3E=
-4,-23,k4icO2bEQKtA2L529aAqyWPsV40=,Ep826ctnChNy1foJjXeJvKP0Y3E=
-2,-18,k4icO2bEQKtA2L529aAqyWPsV40=,Ep826ctnChNy1foJjXeJvKP0Y3E=
-6,-20,k4icO2bEQKtA2L529aAqyWPsV40=,Ep826ctnChNy1foJjXeJvKP0Y3E=
-6,-21,k4icO2bEQKtA2L529aAqyWPsV40=,Ep826ctnChNy1foJjXeJvKP0Y3E=
-6,-22,k4icO2bEQKtA2L529aAqyWPsV40=,Ep826ctnChNy1foJjXeJvKP0Y3E=
-6,-18,k4icO2bEQKtA2L529aAqyWPsV40=,Ep826ctnChNy1foJjXeJvKP0Y3E=
-5,-18,k4icO2bEQKtA2L529aAqyWPsV40=,Ep826ctnChNy1foJjXeJvKP0Y3E=
-2,-20,k4icO2bEQKtA2L529aAqyWPsV40=,Ep826ctnChNy1foJjXeJvKP0Y3E=
-2,-23,k4icO2bEQKtA2L529aAqyWPsV40=,Ep826ctnChNy1foJjXeJvKP0Y3E=
-6,-23,k4icO2bEQKtA2L529aAqyWPsV40=,Ep826ctnChNy1foJjXeJvKP0Y3E=
-2,-22,k4icO2bEQKtA2L529aAqyWPsV40=,Ep826ctnChNy1foJjXeJvKP0Y3E=
-5,-20,k4icO2bEQKtA2L529aAqyWPsV40=,Ep826ctnChNy1foJjXeJvKP0Y3E=
-5,-22,k4icO2bEQKtA2L529aAqyWPsV40=,Ep826ctnChNy1foJjXeJvKP0Y3E=
-5,-21,k4icO2bEQKtA2L529aAqyWPsV40=,Ep826ctnChNy1foJjXeJvKP0Y3E=
-12,-27,k4icO2bEQKtA2L529aAqyWPsV40=,dxQ5VAxpXVCqM8M/QXQzDA/dc5E=
-11,-27,k4icO2bEQKtA2L529aAqyWPsV40=,dxQ5VAxpXVCqM8M/QXQzDA/dc5E=
-13,-27,k4icO2bEQKtA2L529aAqyWPsV40=,dxQ5VAxpXVCqM8M/QXQzDA/dc5E=
-12,-28,k4icO2bEQKtA2L529aAqyWPsV40=,dxQ5VAxpXVCqM8M/QXQzDA/dc5E=
-11,-28,k4icO2bEQKtA2L529aAqyWPsV40=,dxQ5VAxpXVCqM8M/QXQzDA/dc5E=
-13,-28,k4icO2bEQKtA2L529aAqyWPsV40=,dxQ5VAxpXVCqM8M/QXQzDA/dc5E=
-10,-24,k4icO2bEQKtA2L529aAqyWPsV40=,aeCaSW15O5zpBdPuelpoo4N1PHs=
-11,-24,k4icO2bEQKtA2L529aAqyWPsV40=,aeCaSW15O5zpBdPuelpoo4N1PHs=
-15,-27,k4icO2bEQKtA2L529aAqyWPsV40=,dxQ5VAxpXVCqM8M/QXQzDA/dc5E=
-14,-24,k4icO2bEQKtA2L529aAqyWPsV40=,aeCaSW15O5zpBdPuelpoo4N1PHs=
-10,-27,k4icO2bEQKtA2L529aAqyWPsV40=,dxQ5VAxpXVCqM8M/QXQzDA/dc5E=
-14,-28,k4icO2bEQKtA2L529aAqyWPsV40=,dxQ5VAxpXVCqM8M/QXQzDA/dc5E=
-13,-24,k4icO2bEQKtA2L529aAqyWPsV40=,aeCaSW15O5zpBdPuelpoo4N1PHs=
-10,-29,k4icO2bEQKtA2L529aAqyWPsV40=,dxQ5VAxpXVCqM8M/QXQzDA/dc5E=
-11,-29,k4icO2bEQKtA2L529aAqyWPsV40=,dxQ5VAxpXVCqM8M/QXQzDA/dc5E=
-12,-29,k4icO2bEQKtA2L529aAqyWPsV40=,dxQ5VAxpXVCqM8M/QXQzDA/dc5E=
-15,-24,k4icO2bEQKtA2L529aAqyWPsV40=,aeCaSW15O5zpBdPuelpoo4N1PHs=
-10,-28,k4icO2bEQKtA2L529aAqyWPsV40=,dxQ5VAxpXVCqM8M/QXQzDA/dc5E=
-12,-24,k4icO2bEQKtA2L529aAqyWPsV40=,aeCaSW15O5zpBdPuelpoo4N1PHs=
-15,-28,k4icO2bEQKtA2L529aAqyWPsV40=,dxQ5VAxpXVCqM8M/QXQzDA/dc5E=
-14,-27,k4icO2bEQKtA2L529aAqyWPsV40=,dxQ5VAxpXVCqM8M/QXQzDA/dc5E=
-11,-25,k4icO2bEQKtA2L529aAqyWPsV40=,dxQ5VAxpXVCqM8M/QXQzDA/dc5E=
-13,-29,k4icO2bEQKtA2L529aAqyWPsV40=,dxQ5VAxpXVCqM8M/QXQzDA/dc5E=
-14,-29,k4icO2bEQKtA2L529aAqyWPsV40=,dxQ5VAxpXVCqM8M/QXQzDA/dc5E=
-10,-25,k4icO2bEQKtA2L529aAqyWPsV40=,dxQ5VAxpXVCqM8M/QXQzDA/dc5E=
-10,-30,k4icO2bEQKtA2L529aAqyWPsV40=,dxQ5VAxpXVCqM8M/QXQzDA/dc5E=
-11,-30,k4icO2bEQKtA2L529aAqyWPsV40=,dxQ5VAxpXVCqM8M/QXQzDA/dc5E=
-12,-30,k4icO2bEQKtA2L529aAqyWPsV40=,dxQ5VAxpXVCqM8M/QXQzDA/dc5E=
-14,-30,k4icO2bEQKtA2L529aAqyWPsV40=,dxQ5VAxpXVCqM8M/QXQzDA/dc5E=
-12,-25,k4icO2bEQKtA2L529aAqyWPsV40=,dxQ5VAxpXVCqM8M/QXQzDA/dc5E=
-13,-30,k4icO2bEQKtA2L529aAqyWPsV40=,dxQ5VAxpXVCqM8M/QXQzDA/dc5E=
-13,-25,k4icO2bEQKtA2L529aAqyWPsV40=,dxQ5VAxpXVCqM8M/QXQzDA/dc5E=
-11,-31,k4icO2bEQKtA2L529aAqyWPsV40=,dxQ5VAxpXVCqM8M/QXQzDA/dc5E=
-12,-31,k4icO2bEQKtA2L529aAqyWPsV40=,dxQ5VAxpXVCqM8M/QXQzDA/dc5E=
-15,-26,k4icO2bEQKtA2L529aAqyWPsV40=,dxQ5VAxpXVCqM8M/QXQzDA/dc5E=
-10,-31,k4icO2bEQKtA2L529aAqyWPsV40=,dxQ5VAxpXVCqM8M/QXQzDA/dc5E=
-13,-31,k4icO2bEQKtA2L529aAqyWPsV40=,dxQ5VAxpXVCqM8M/QXQzDA/dc5E=
-15,-29,k4icO2bEQKtA2L529aAqyWPsV40=,dxQ5VAxpXVCqM8M/QXQzDA/dc5E=
-11,-26,k4icO2bEQKtA2L529aAqyWPsV40=,dxQ5VAxpXVCqM8M/QXQzDA/dc5E=
-15,-30,k4icO2bEQKtA2L529aAqyWPsV40=,dxQ5VAxpXVCqM8M/QXQzDA/dc5E=
-10,-26,k4icO2bEQKtA2L529aAqyWPsV40=,dxQ5VAxpXVCqM8M/QXQzDA/dc5E=
-14,-31,k4icO2bEQKtA2L529aAqyWPsV40=,dxQ5VAxpXVCqM8M/QXQzDA/dc5E=
-14,-26,k4icO2bEQKtA2L529aAqyWPsV40=,dxQ5VAxpXVCqM8M/QXQzDA/dc5E=
-13,-26,k4icO2bEQKtA2L529aAqyWPsV40=,dxQ5VAxpXVCqM8M/QXQzDA/dc5E=
-15,-31,k4icO2bEQKtA2L529aAqyWPsV40=,dxQ5VAxpXVCqM8M/QXQzDA/dc5E=
-12,-26,k4icO2bEQKtA2L529aAqyWPsV40=,dxQ5VAxpXVCqM8M/QXQzDA/dc5E=
-14,-25,k4icO2bEQKtA2L529aAqyWPsV40=,dxQ5VAxpXVCqM8M/QXQzDA/dc5E=
-4,-25,k4icO2bEQKtA2L529aAqyWPsV40=,1bP7C+Qa4t33BLQOiIv1dPT/vqY=
-15,-25,k4icO2bEQKtA2L529aAqyWPsV40=,dxQ5VAxpXVCqM8M/QXQzDA/dc5E=
-5,-25,k4icO2bEQKtA2L529aAqyWPsV40=,1bP7C+Qa4t33BLQOiIv1dPT/vqY=
-4,-26,k4icO2bEQKtA2L529aAqyWPsV40=,1bP7C+Qa4t33BLQOiIv1dPT/vqY=
-5,-26,k4icO2bEQKtA2L529aAqyWPsV40=,1bP7C+Qa4t33BLQOiIv1dPT/vqY=
-3,-25,k4icO2bEQKtA2L529aAqyWPsV40=,1bP7C+Qa4t33BLQOiIv1dPT/vqY=
-9,-28,k4icO2bEQKtA2L529aAqyWPsV40=,dxQ5VAxpXVCqM8M/QXQzDA/dc5E=
-6,-26,k4icO2bEQKtA2L529aAqyWPsV40=,1bP7C+Qa4t33BLQOiIv1dPT/vqY=
-3,-26,k4icO2bEQKtA2L529aAqyWPsV40=,1bP7C+Qa4t33BLQOiIv1dPT/vqY=
-6,-25,k4icO2bEQKtA2L529aAqyWPsV40=,1bP7C+Qa4t33BLQOiIv1dPT/vqY=
-2,-26,k4icO2bEQKtA2L529aAqyWPsV40=,1bP7C+Qa4t33BLQOiIv1dPT/vqY=
-2,-25,k4icO2bEQKtA2L529aAqyWPsV40=,1bP7C+Qa4t33BLQOiIv1dPT/vqY=
-8,-24,k4icO2bEQKtA2L529aAqyWPsV40=,Ep826ctnChNy1foJjXeJvKP0Y3E=
-8,-26,k4icO2bEQKtA2L529aAqyWPsV40=,1bP7C+Qa4t33BLQOiIv1dPT/vqY=
-7,-26,k4icO2bEQKtA2L529aAqyWPsV40=,1bP7C+Qa4t33BLQOiIv1dPT/vqY=
-4,-27,k4icO2bEQKtA2L529aAqyWPsV40=,1bP7C+Qa4t33BLQOiIv1dPT/vqY=
-5,-27,k4icO2bEQKtA2L529aAqyWPsV40=,1bP7C+Qa4t33BLQOiIv1dPT/vqY=
-3,-27,k4icO2bEQKtA2L529aAqyWPsV40=,1bP7C+Qa4t33BLQOiIv1dPT/vqY=
-2,-27,k4icO2bEQKtA2L529aAqyWPsV40=,1bP7C+Qa4t33BLQOiIv1dPT/vqY=
-8,-25,k4icO2bEQKtA2L529aAqyWPsV40=,1bP7C+Qa4t33BLQOiIv1dPT/vqY=
-9,-24,k4icO2bEQKtA2L529aAqyWPsV40=,aeCaSW15O5zpBdPuelpoo4N1PHs=
-7,-25,k4icO2bEQKtA2L529aAqyWPsV40=,1bP7C+Qa4t33BLQOiIv1dPT/vqY=
-6,-27,k4icO2bEQKtA2L529aAqyWPsV40=,1bP7C+Qa4t33BLQOiIv1dPT/vqY=
-5,-28,k4icO2bEQKtA2L529aAqyWPsV40=,1bP7C+Qa4t33BLQOiIv1dPT/vqY=
-9,-29,k4icO2bEQKtA2L529aAqyWPsV40=,dxQ5VAxpXVCqM8M/QXQzDA/dc5E=
-8,-28,k4icO2bEQKtA2L529aAqyWPsV40=,1bP7C+Qa4t33BLQOiIv1dPT/vqY=
-7,-27,k4icO2bEQKtA2L529aAqyWPsV40=,1bP7C+Qa4t33BLQOiIv1dPT/vqY=
-6,-28,k4icO2bEQKtA2L529aAqyWPsV40=,1bP7C+Qa4t33BLQOiIv1dPT/vqY=
-2,-29,k4icO2bEQKtA2L529aAqyWPsV40=,1bP7C+Qa4t33BLQOiIv1dPT/vqY=
-9,-27,k4icO2bEQKtA2L529aAqyWPsV40=,dxQ5VAxpXVCqM8M/QXQzDA/dc5E=
-4,-28,k4icO2bEQKtA2L529aAqyWPsV40=,1bP7C+Qa4t33BLQOiIv1dPT/vqY=
-8,-27,k4icO2bEQKtA2L529aAqyWPsV40=,1bP7C+Qa4t33BLQOiIv1dPT/vqY=
-3,-28,k4icO2bEQKtA2L529aAqyWPsV40=,1bP7C+Qa4t33BLQOiIv1dPT/vqY=
-7,-28,k4icO2bEQKtA2L529aAqyWPsV40=,1bP7C+Qa4t33BLQOiIv1dPT/vqY=
-8,-29,k4icO2bEQKtA2L529aAqyWPsV40=,1bP7C+Qa4t33BLQOiIv1dPT/vqY=
-9,-30,k4icO2bEQKtA2L529aAqyWPsV40=,dxQ5VAxpXVCqM8M/QXQzDA/dc5E=
-6,-29,k4icO2bEQKtA2L529aAqyWPsV40=,1bP7C+Qa4t33BLQOiIv1dPT/vqY=
-2,-30,k4icO2bEQKtA2L529aAqyWPsV40=,1bP7C+Qa4t33BLQOiIv1dPT/vqY=
-2,-28,k4icO2bEQKtA2L529aAqyWPsV40=,1bP7C+Qa4t33BLQOiIv1dPT/vqY=
-4,-29,k4icO2bEQKtA2L529aAqyWPsV40=,1bP7C+Qa4t33BLQOiIv1dPT/vqY=
-8,-30,k4icO2bEQKtA2L529aAqyWPsV40=,1bP7C+Qa4t33BLQOiIv1dPT/vqY=
-5,-29,k4icO2bEQKtA2L529aAqyWPsV40=,1bP7C+Qa4t33BLQOiIv1dPT/vqY=
-2,-31,k4icO2bEQKtA2L529aAqyWPsV40=,1bP7C+Qa4t33BLQOiIv1dPT/vqY=
-3,-29,k4icO2bEQKtA2L529aAqyWPsV40=,1bP7C+Qa4t33BLQOiIv1dPT/vqY=
-9,-31,k4icO2bEQKtA2L529aAqyWPsV40=,dxQ5VAxpXVCqM8M/QXQzDA/dc5E=
-4,-30,k4icO2bEQKtA2L529aAqyWPsV40=,1bP7C+Qa4t33BLQOiIv1dPT/vqY=
-3,-30,k4icO2bEQKtA2L529aAqyWPsV40=,1bP7C+Qa4t33BLQOiIv1dPT/vqY=
-7,-29,k4icO2bEQKtA2L529aAqyWPsV40=,1bP7C+Qa4t33BLQOiIv1dPT/vqY=
-7,-24,k4icO2bEQKtA2L529aAqyWPsV40=,Ep826ctnChNy1foJjXeJvKP0Y3E=
-3,-31,k4icO2bEQKtA2L529aAqyWPsV40=,1bP7C+Qa4t33BLQOiIv1dPT/vqY=
-5,-24,k4icO2bEQKtA2L529aAqyWPsV40=,Ep826ctnChNy1foJjXeJvKP0Y3E=
-7,-30,k4icO2bEQKtA2L529aAqyWPsV40=,1bP7C+Qa4t33BLQOiIv1dPT/vqY=
-8,-31,k4icO2bEQKtA2L529aAqyWPsV40=,1bP7C+Qa4t33BLQOiIv1dPT/vqY=
-4,-24,k4icO2bEQKtA2L529aAqyWPsV40=,Ep826ctnChNy1foJjXeJvKP0Y3E=
-5,-30,k4icO2bEQKtA2L529aAqyWPsV40=,1bP7C+Qa4t33BLQOiIv1dPT/vqY=
-9,-25,k4icO2bEQKtA2L529aAqyWPsV40=,dxQ5VAxpXVCqM8M/QXQzDA/dc5E=
-4,-31,k4icO2bEQKtA2L529aAqyWPsV40=,1bP7C+Qa4t33BLQOiIv1dPT/vqY=
-6,-30,k4icO2bEQKtA2L529aAqyWPsV40=,1bP7C+Qa4t33BLQOiIv1dPT/vqY=
-3,-24,k4icO2bEQKtA2L529aAqyWPsV40=,Ep826ctnChNy1foJjXeJvKP0Y3E=
-2,-24,k4icO2bEQKtA2L529aAqyWPsV40=,Ep826ctnChNy1foJjXeJvKP0Y3E=
-7,-31,k4icO2bEQKtA2L529aAqyWPsV40=,1bP7C+Qa4t33BLQOiIv1dPT/vqY=
-5,-31,k4icO2bEQKtA2L529aAqyWPsV40=,1bP7C+Qa4t33BLQOiIv1dPT/vqY=
-6,-31,k4icO2bEQKtA2L529aAqyWPsV40=,1bP7C+Qa4t33BLQOiIv1dPT/vqY=
-9,-26,k4icO2bEQKtA2L529aAqyWPsV40=,dxQ5VAxpXVCqM8M/QXQzDA/dc5E=
-6,-24,k4icO2bEQKtA2L529aAqyWPsV40=,Ep826ctnChNy1foJjXeJvKP0Y3E=
-9,-17,k4icO2bEQKtA2L529aAqyWPsV40=,aeCaSW15O5zpBdPuelpoo4N1PHs=
-7,-17,k4icO2bEQKtA2L529aAqyWPsV40=,Ep826ctnChNy1foJjXeJvKP0Y3E=
-10,-17,k4icO2bEQKtA2L529aAqyWPsV40=,aeCaSW15O5zpBdPuelpoo4N1PHs=
-6,-17,k4icO2bEQKtA2L529aAqyWPsV40=,Ep826ctnChNy1foJjXeJvKP0Y3E=
-8,-17,k4icO2bEQKtA2L529aAqyWPsV40=,Ep826ctnChNy1foJjXeJvKP0Y3E=
-11,-17,k4icO2bEQKtA2L529aAqyWPsV40=,aeCaSW15O5zpBdPuelpoo4N1PHs=
-15,-17,k4icO2bEQKtA2L529aAqyWPsV40=,aeCaSW15O5zpBdPuelpoo4N1PHs=
-5,-17,k4icO2bEQKtA2L529aAqyWPsV40=,Ep826ctnChNy1foJjXeJvKP0Y3E=
-13,-17,k4icO2bEQKtA2L529aAqyWPsV40=,aeCaSW15O5zpBdPuelpoo4N1PHs=
-3,-17,k4icO2bEQKtA2L529aAqyWPsV40=,Ep826ctnChNy1foJjXeJvKP0Y3E=
-4,-17,k4icO2bEQKtA2L529aAqyWPsV40=,Ep826ctnChNy1foJjXeJvKP0Y3E=
-14,-17,k4icO2bEQKtA2L529aAqyWPsV40=,aeCaSW15O5zpBdPuelpoo4N1PHs=
-2,-17,k4icO2bEQKtA2L529aAqyWPsV40=,Ep826ctnChNy1foJjXeJvKP0Y3E=
-1,-20,k4icO2bEQKtA2L529aAqyWPsV40=,Ep826ctnChNy1foJjXeJvKP0Y3E=
-1,-19,k4icO2bEQKtA2L529aAqyWPsV40=,Ep826ctnChNy1foJjXeJvKP0Y3E=
-1,-18,k4icO2bEQKtA2L529aAqyWPsV40=,Ep826ctnChNy1foJjXeJvKP0Y3E=
-12,-17,k4icO2bEQKtA2L529aAqyWPsV40=,aeCaSW15O5zpBdPuelpoo4N1PHs=
-1,-30,k4icO2bEQKtA2L529aAqyWPsV40=,1bP7C+Qa4t33BLQOiIv1dPT/vqY=
-1,-31,k4icO2bEQKtA2L529aAqyWPsV40=,1bP7C+Qa4t33BLQOiIv1dPT/vqY=
-1,-23,k4icO2bEQKtA2L529aAqyWPsV40=,Ep826ctnChNy1foJjXeJvKP0Y3E=
-1,-21,k4icO2bEQKtA2L529aAqyWPsV40=,Ep826ctnChNy1foJjXeJvKP0Y3E=
-1,-22,k4icO2bEQKtA2L529aAqyWPsV40=,Ep826ctnChNy1foJjXeJvKP0Y3E=
-1,-25,k4icO2bEQKtA2L529aAqyWPsV40=,1bP7C+Qa4t33BLQOiIv1dPT/vqY=
-1,-24,k4icO2bEQKtA2L529aAqyWPsV40=,Ep826ctnChNy1foJjXeJvKP0Y3E=
-1,-26,k4icO2bEQKtA2L529aAqyWPsV40=,1bP7C+Qa4t33BLQOiIv1dPT/vqY=
-1,-27,k4icO2bEQKtA2L529aAqyWPsV40=,1bP7C+Qa4t33BLQOiIv1dPT/vqY=
-1,-28,k4icO2bEQKtA2L529aAqyWPsV40=,1bP7C+Qa4t33BLQOiIv1dPT/vqY=
-1,-29,k4icO2bEQKtA2L529aAqyWPsV40=,1bP7C+Qa4t33BLQOiIv1dPT/vqY=
-16,-23,axKXof7EEU/U7JLdM3QBqQFnADA=,aeCaSW15O5zpBdPuelpoo4N1PHs=
-16,-22,axKXof7EEU/U7JLdM3QBqQFnADA=,aeCaSW15O5zpBdPuelpoo4N1PHs=
-16,-20,axKXof7EEU/U7JLdM3QBqQFnADA=,aeCaSW15O5zpBdPuelpoo4N1PHs=
-3,-32,axKXof7EEU/U7JLdM3QBqQFnADA=,1bP7C+Qa4t33BLQOiIv1dPT/vqY=
-2,-32,axKXof7EEU/U7JLdM3QBqQFnADA=,1bP7C+Qa4t33BLQOiIv1dPT/vqY=
-16,-19,axKXof7EEU/U7JLdM3QBqQFnADA=,aeCaSW15O5zpBdPuelpoo4N1PHs=
-16,-24,axKXof7EEU/U7JLdM3QBqQFnADA=,aeCaSW15O5zpBdPuelpoo4N1PHs=
-16,-18,axKXof7EEU/U7JLdM3QBqQFnADA=,aeCaSW15O5zpBdPuelpoo4N1PHs=
-7,-32,axKXof7EEU/U7JLdM3QBqQFnADA=,1bP7C+Qa4t33BLQOiIv1dPT/vqY=
-4,-32,axKXof7EEU/U7JLdM3QBqQFnADA=,1bP7C+Qa4t33BLQOiIv1dPT/vqY=
-5,-32,axKXof7EEU/U7JLdM3QBqQFnADA=,1bP7C+Qa4t33BLQOiIv1dPT/vqY=
-16,-28,axKXof7EEU/U7JLdM3QBqQFnADA=,dxQ5VAxpXVCqM8M/QXQzDA/dc5E=
-16,-30,axKXof7EEU/U7JLdM3QBqQFnADA=,dxQ5VAxpXVCqM8M/QXQzDA/dc5E=
-8,-32,axKXof7EEU/U7JLdM3QBqQFnADA=,1bP7C+Qa4t33BLQOiIv1dPT/vqY=
-16,-31,axKXof7EEU/U7JLdM3QBqQFnADA=,dxQ5VAxpXVCqM8M/QXQzDA/dc5E=
-16,-29,axKXof7EEU/U7JLdM3QBqQFnADA=,dxQ5VAxpXVCqM8M/QXQzDA/dc5E=
-9,-32,axKXof7EEU/U7JLdM3QBqQFnADA=,dxQ5VAxpXVCqM8M/QXQzDA/dc5E=
-13,-32,axKXof7EEU/U7JLdM3QBqQFnADA=,dxQ5VAxpXVCqM8M/QXQzDA/dc5E=
-10,-32,axKXof7EEU/U7JLdM3QBqQFnADA=,dxQ5VAxpXVCqM8M/QXQzDA/dc5E=
-16,-21,axKXof7EEU/U7JLdM3QBqQFnADA=,aeCaSW15O5zpBdPuelpoo4N1PHs=
-14,-32,axKXof7EEU/U7JLdM3QBqQFnADA=,dxQ5VAxpXVCqM8M/QXQzDA/dc5E=
-16,-26,axKXof7EEU/U7JLdM3QBqQFnADA=,dxQ5VAxpXVCqM8M/QXQzDA/dc5E=
-12,-32,axKXof7EEU/U7JLdM3QBqQFnADA=,dxQ5VAxpXVCqM8M/QXQzDA/dc5E=
-16,-27,axKXof7EEU/U7JLdM3QBqQFnADA=,dxQ5VAxpXVCqM8M/QXQzDA/dc5E=
-11,-32,axKXof7EEU/U7JLdM3QBqQFnADA=,dxQ5VAxpXVCqM8M/QXQzDA/dc5E=
-16,-25,axKXof7EEU/U7JLdM3QBqQFnADA=,dxQ5VAxpXVCqM8M/QXQzDA/dc5E=
-6,-32,axKXof7EEU/U7JLdM3QBqQFnADA=,1bP7C+Qa4t33BLQOiIv1dPT/vqY=
-15,-32,axKXof7EEU/U7JLdM3QBqQFnADA=,dxQ5VAxpXVCqM8M/QXQzDA/dc5E=
-1,-32,axKXof7EEU/U7JLdM3QBqQFnADA=,1bP7C+Qa4t33BLQOiIv1dPT/vqY=
-16,-17,axKXof7EEU/U7JLdM3QBqQFnADA=,aeCaSW15O5zpBdPuelpoo4N1PHs=
-1,-17,axKXof7EEU/U7JLdM3QBqQFnADA=,Ep826ctnChNy1foJjXeJvKP0Y3E=
-16,-32,axKXof7EEU/U7JLdM3QBqQFnADA=,dxQ5VAxpXVCqM8M/QXQzDA/dc5E=
-21,-29,zaJ6o+JdF1h9PFbDaAcQ6iD9Ov0=,eXthUhfj8DBsbDEzHh9gGywGdco=
-18,-30,zaJ6o+JdF1h9PFbDaAcQ6iD9Ov0=,eXthUhfj8DBsbDEzHh9gGywGdco=
-19,-30,zaJ6o+JdF1h9PFbDaAcQ6iD9Ov0=,eXthUhfj8DBsbDEzHh9gGywGdco=
-20,-30,zaJ6o+JdF1h9PFbDaAcQ6iD9Ov0=,eXthUhfj8DBsbDEzHh9gGywGdco=
-21,-30,zaJ6o+JdF1h9PFbDaAcQ6iD9Ov0=,eXthUhfj8DBsbDEzHh9gGywGdco=
-22,-29,zaJ6o+JdF1h9PFbDaAcQ6iD9Ov0=,eXthUhfj8DBsbDEzHh9gGywGdco=
-20,-29,zaJ6o+JdF1h9PFbDaAcQ6iD9Ov0=,eXthUhfj8DBsbDEzHh9gGywGdco=
-19,-29,zaJ6o+JdF1h9PFbDaAcQ6iD9Ov0=,eXthUhfj8DBsbDEzHh9gGywGdco=
-18,-29,zaJ6o+JdF1h9PFbDaAcQ6iD9Ov0=,eXthUhfj8DBsbDEzHh9gGywGdco=
-22,-30,zaJ6o+JdF1h9PFbDaAcQ6iD9Ov0=,eXthUhfj8DBsbDEzHh9gGywGdco=
-18,-26,zaJ6o+JdF1h9PFbDaAcQ6iD9Ov0=,eXthUhfj8DBsbDEzHh9gGywGdco=
-20,-26,zaJ6o+JdF1h9PFbDaAcQ6iD9Ov0=,eXthUhfj8DBsbDEzHh9gGywGdco=
-19,-26,zaJ6o+JdF1h9PFbDaAcQ6iD9Ov0=,eXthUhfj8DBsbDEzHh9gGywGdco=
-21,-26,zaJ6o+JdF1h9PFbDaAcQ6iD9Ov0=,eXthUhfj8DBsbDEzHh9gGywGdco=
-18,-31,zaJ6o+JdF1h9PFbDaAcQ6iD9Ov0=,eXthUhfj8DBsbDEzHh9gGywGdco=
-20,-31,zaJ6o+JdF1h9PFbDaAcQ6iD9Ov0=,eXthUhfj8DBsbDEzHh9gGywGdco=
-20,-27,zaJ6o+JdF1h9PFbDaAcQ6iD9Ov0=,eXthUhfj8DBsbDEzHh9gGywGdco=
-19,-31,zaJ6o+JdF1h9PFbDaAcQ6iD9Ov0=,eXthUhfj8DBsbDEzHh9gGywGdco=
-21,-31,zaJ6o+JdF1h9PFbDaAcQ6iD9Ov0=,eXthUhfj8DBsbDEzHh9gGywGdco=
-23,-26,zaJ6o+JdF1h9PFbDaAcQ6iD9Ov0=,eXthUhfj8DBsbDEzHh9gGywGdco=
-22,-31,zaJ6o+JdF1h9PFbDaAcQ6iD9Ov0=,eXthUhfj8DBsbDEzHh9gGywGdco=
-22,-26,zaJ6o+JdF1h9PFbDaAcQ6iD9Ov0=,eXthUhfj8DBsbDEzHh9gGywGdco=
-18,-27,zaJ6o+JdF1h9PFbDaAcQ6iD9Ov0=,eXthUhfj8DBsbDEzHh9gGywGdco=
-21,-27,zaJ6o+JdF1h9PFbDaAcQ6iD9Ov0=,eXthUhfj8DBsbDEzHh9gGywGdco=
-23,-28,zaJ6o+JdF1h9PFbDaAcQ6iD9Ov0=,eXthUhfj8DBsbDEzHh9gGywGdco=
-23,-29,zaJ6o+JdF1h9PFbDaAcQ6iD9Ov0=,eXthUhfj8DBsbDEzHh9gGywGdco=
-19,-27,zaJ6o+JdF1h9PFbDaAcQ6iD9Ov0=,eXthUhfj8DBsbDEzHh9gGywGdco=
-21,-28,zaJ6o+JdF1h9PFbDaAcQ6iD9Ov0=,eXthUhfj8DBsbDEzHh9gGywGdco=
-23,-30,zaJ6o+JdF1h9PFbDaAcQ6iD9Ov0=,eXthUhfj8DBsbDEzHh9gGywGdco=
-22,-28,zaJ6o+JdF1h9PFbDaAcQ6iD9Ov0=,eXthUhfj8DBsbDEzHh9gGywGdco=
-19,-28,zaJ6o+JdF1h9PFbDaAcQ6iD9Ov0=,eXthUhfj8DBsbDEzHh9gGywGdco=
-22,-27,zaJ6o+JdF1h9PFbDaAcQ6iD9Ov0=,eXthUhfj8DBsbDEzHh9gGywGdco=
-20,-28,zaJ6o+JdF1h9PFbDaAcQ6iD9Ov0=,eXthUhfj8DBsbDEzHh9gGywGdco=
-18,-28,zaJ6o+JdF1h9PFbDaAcQ6iD9Ov0=,eXthUhfj8DBsbDEzHh9gGywGdco=
-23,-27,zaJ6o+JdF1h9PFbDaAcQ6iD9Ov0=,eXthUhfj8DBsbDEzHh9gGywGdco=
-30,-21,zaJ6o+JdF1h9PFbDaAcQ6iD9Ov0=,wmu8IwQJwsjGk/T0B8syCnuC7Sk=
-23,-31,zaJ6o+JdF1h9PFbDaAcQ6iD9Ov0=,eXthUhfj8DBsbDEzHh9gGywGdco=
-28,-21,zaJ6o+JdF1h9PFbDaAcQ6iD9Ov0=,wmu8IwQJwsjGk/T0B8syCnuC7Sk=
-30,-22,zaJ6o+JdF1h9PFbDaAcQ6iD9Ov0=,wmu8IwQJwsjGk/T0B8syCnuC7Sk=
-31,-21,zaJ6o+JdF1h9PFbDaAcQ6iD9Ov0=,wmu8IwQJwsjGk/T0B8syCnuC7Sk=
-31,-22,zaJ6o+JdF1h9PFbDaAcQ6iD9Ov0=,wmu8IwQJwsjGk/T0B8syCnuC7Sk=
-29,-22,zaJ6o+JdF1h9PFbDaAcQ6iD9Ov0=,wmu8IwQJwsjGk/T0B8syCnuC7Sk=
-29,-23,zaJ6o+JdF1h9PFbDaAcQ6iD9Ov0=,wmu8IwQJwsjGk/T0B8syCnuC7Sk=
-29,-21,zaJ6o+JdF1h9PFbDaAcQ6iD9Ov0=,wmu8IwQJwsjGk/T0B8syCnuC7Sk=
-30,-23,zaJ6o+JdF1h9PFbDaAcQ6iD9Ov0=,wmu8IwQJwsjGk/T0B8syCnuC7Sk=
-31,-23,zaJ6o+JdF1h9PFbDaAcQ6iD9Ov0=,wmu8IwQJwsjGk/T0B8syCnuC7Sk=
-27,-22,zaJ6o+JdF1h9PFbDaAcQ6iD9Ov0=,wmu8IwQJwsjGk/T0B8syCnuC7Sk=
-26,-18,zaJ6o+JdF1h9PFbDaAcQ6iD9Ov0=,wmu8IwQJwsjGk/T0B8syCnuC7Sk=
-28,-23,zaJ6o+JdF1h9PFbDaAcQ6iD9Ov0=,wmu8IwQJwsjGk/T0B8syCnuC7Sk=
-26,-22,zaJ6o+JdF1h9PFbDaAcQ6iD9Ov0=,wmu8IwQJwsjGk/T0B8syCnuC7Sk=
-29,-18,zaJ6o+JdF1h9PFbDaAcQ6iD9Ov0=,wmu8IwQJwsjGk/T0B8syCnuC7Sk=
-27,-21,zaJ6o+JdF1h9PFbDaAcQ6iD9Ov0=,wmu8IwQJwsjGk/T0B8syCnuC7Sk=
-28,-22,zaJ6o+JdF1h9PFbDaAcQ6iD9Ov0=,wmu8IwQJwsjGk/T0B8syCnuC7Sk=
-26,-23,zaJ6o+JdF1h9PFbDaAcQ6iD9Ov0=,wmu8IwQJwsjGk/T0B8syCnuC7Sk=
-27,-23,zaJ6o+JdF1h9PFbDaAcQ6iD9Ov0=,wmu8IwQJwsjGk/T0B8syCnuC7Sk=
-30,-18,zaJ6o+JdF1h9PFbDaAcQ6iD9Ov0=,wmu8IwQJwsjGk/T0B8syCnuC7Sk=
-28,-18,zaJ6o+JdF1h9PFbDaAcQ6iD9Ov0=,wmu8IwQJwsjGk/T0B8syCnuC7Sk=
-31,-18,zaJ6o+JdF1h9PFbDaAcQ6iD9Ov0=,wmu8IwQJwsjGk/T0B8syCnuC7Sk=
-29,-19,zaJ6o+JdF1h9PFbDaAcQ6iD9Ov0=,wmu8IwQJwsjGk/T0B8syCnuC7Sk=
-28,-19,zaJ6o+JdF1h9PFbDaAcQ6iD9Ov0=,wmu8IwQJwsjGk/T0B8syCnuC7Sk=
-27,-18,zaJ6o+JdF1h9PFbDaAcQ6iD9Ov0=,wmu8IwQJwsjGk/T0B8syCnuC7Sk=
-29,-20,zaJ6o+JdF1h9PFbDaAcQ6iD9Ov0=,wmu8IwQJwsjGk/T0B8syCnuC7Sk=
-27,-19,zaJ6o+JdF1h9PFbDaAcQ6iD9Ov0=,wmu8IwQJwsjGk/T0B8syCnuC7Sk=
-28,-20,zaJ6o+JdF1h9PFbDaAcQ6iD9Ov0=,wmu8IwQJwsjGk/T0B8syCnuC7Sk=
-30,-19,zaJ6o+JdF1h9PFbDaAcQ6iD9Ov0=,wmu8IwQJwsjGk/T0B8syCnuC7Sk=
-27,-20,zaJ6o+JdF1h9PFbDaAcQ6iD9Ov0=,wmu8IwQJwsjGk/T0B8syCnuC7Sk=
-26,-20,zaJ6o+JdF1h9PFbDaAcQ6iD9Ov0=,wmu8IwQJwsjGk/T0B8syCnuC7Sk=
-26,-21,zaJ6o+JdF1h9PFbDaAcQ6iD9Ov0=,wmu8IwQJwsjGk/T0B8syCnuC7Sk=
-31,-19,zaJ6o+JdF1h9PFbDaAcQ6iD9Ov0=,wmu8IwQJwsjGk/T0B8syCnuC7Sk=
-26,-19,zaJ6o+JdF1h9PFbDaAcQ6iD9Ov0=,wmu8IwQJwsjGk/T0B8syCnuC7Sk=
-31,-20,zaJ6o+JdF1h9PFbDaAcQ6iD9Ov0=,wmu8IwQJwsjGk/T0B8syCnuC7Sk=
-30,-20,zaJ6o+JdF1h9PFbDaAcQ6iD9Ov0=,wmu8IwQJwsjGk/T0B8syCnuC7Sk=
-26,-28,zaJ6o+JdF1h9PFbDaAcQ6iD9Ov0=,fTkaFo4cs+dD1CcNpbCa4qPDCE8=
-29,-27,zaJ6o+JdF1h9PFbDaAcQ6iD9Ov0=,fTkaFo4cs+dD1CcNpbCa4qPDCE8=
-24,-29,zaJ6o+JdF1h9PFbDaAcQ6iD9Ov0=,eXthUhfj8DBsbDEzHh9gGywGdco=
-30,-27,zaJ6o+JdF1h9PFbDaAcQ6iD9Ov0=,fTkaFo4cs+dD1CcNpbCa4qPDCE8=
-27,-28,zaJ6o+JdF1h9PFbDaAcQ6iD9Ov0=,fTkaFo4cs+dD1CcNpbCa4qPDCE8=
-28,-27,zaJ6o+JdF1h9PFbDaAcQ6iD9Ov0=,fTkaFo4cs+dD1CcNpbCa4qPDCE8=
-31,-27,zaJ6o+JdF1h9PFbDaAcQ6iD9Ov0=,fTkaFo4cs+dD1CcNpbCa4qPDCE8=
-30,-28,zaJ6o+JdF1h9PFbDaAcQ6iD9Ov0=,fTkaFo4cs+dD1CcNpbCa4qPDCE8=
-29,-28,zaJ6o+JdF1h9PFbDaAcQ6iD9Ov0=,fTkaFo4cs+dD1CcNpbCa4qPDCE8=
-25,-28,zaJ6o+JdF1h9PFbDaAcQ6iD9Ov0=,fTkaFo4cs+dD1CcNpbCa4qPDCE8=
-27,-24,zaJ6o+JdF1h9PFbDaAcQ6iD9Ov0=,wmu8IwQJwsjGk/T0B8syCnuC7Sk=
-26,-29,zaJ6o+JdF1h9PFbDaAcQ6iD9Ov0=,fTkaFo4cs+dD1CcNpbCa4qPDCE8=
-29,-24,zaJ6o+JdF1h9PFbDaAcQ6iD9Ov0=,wmu8IwQJwsjGk/T0B8syCnuC7Sk=
-28,-24,zaJ6o+JdF1h9PFbDaAcQ6iD9Ov0=,wmu8IwQJwsjGk/T0B8syCnuC7Sk=
-30,-24,zaJ6o+JdF1h9PFbDaAcQ6iD9Ov0=,wmu8IwQJwsjGk/T0B8syCnuC7Sk=
-31,-28,zaJ6o+JdF1h9PFbDaAcQ6iD9Ov0=,fTkaFo4cs+dD1CcNpbCa4qPDCE8=
-31,-24,zaJ6o+JdF1h9PFbDaAcQ6iD9Ov0=,wmu8IwQJwsjGk/T0B8syCnuC7Sk=
-28,-28,zaJ6o+JdF1h9PFbDaAcQ6iD9Ov0=,fTkaFo4cs+dD1CcNpbCa4qPDCE8=
-30,-29,zaJ6o+JdF1h9PFbDaAcQ6iD9Ov0=,fTkaFo4cs+dD1CcNpbCa4qPDCE8=
-25,-29,zaJ6o+JdF1h9PFbDaAcQ6iD9Ov0=,fTkaFo4cs+dD1CcNpbCa4qPDCE8=
-31,-29,zaJ6o+JdF1h9PFbDaAcQ6iD9Ov0=,fTkaFo4cs+dD1CcNpbCa4qPDCE8=
-29,-29,zaJ6o+JdF1h9PFbDaAcQ6iD9Ov0=,fTkaFo4cs+dD1CcNpbCa4qPDCE8=
-27,-27,zaJ6o+JdF1h9PFbDaAcQ6iD9Ov0=,fTkaFo4cs+dD1CcNpbCa4qPDCE8=
-27,-29,zaJ6o+JdF1h9PFbDaAcQ6iD9Ov0=,fTkaFo4cs+dD1CcNpbCa4qPDCE8=
-24,-30,zaJ6o+JdF1h9PFbDaAcQ6iD9Ov0=,eXthUhfj8DBsbDEzHh9gGywGdco=
-25,-30,zaJ6o+JdF1h9PFbDaAcQ6iD9Ov0=,fTkaFo4cs+dD1CcNpbCa4qPDCE8=
-26,-30,zaJ6o+JdF1h9PFbDaAcQ6iD9Ov0=,fTkaFo4cs+dD1CcNpbCa4qPDCE8=
-28,-29,zaJ6o+JdF1h9PFbDaAcQ6iD9Ov0=,fTkaFo4cs+dD1CcNpbCa4qPDCE8=
-29,-30,zaJ6o+JdF1h9PFbDaAcQ6iD9Ov0=,fTkaFo4cs+dD1CcNpbCa4qPDCE8=
-26,-25,zaJ6o+JdF1h9PFbDaAcQ6iD9Ov0=,fTkaFo4cs+dD1CcNpbCa4qPDCE8=
-31,-30,zaJ6o+JdF1h9PFbDaAcQ6iD9Ov0=,fTkaFo4cs+dD1CcNpbCa4qPDCE8=
-30,-30,zaJ6o+JdF1h9PFbDaAcQ6iD9Ov0=,fTkaFo4cs+dD1CcNpbCa4qPDCE8=
-26,-31,zaJ6o+JdF1h9PFbDaAcQ6iD9Ov0=,fTkaFo4cs+dD1CcNpbCa4qPDCE8=
-27,-31,zaJ6o+JdF1h9PFbDaAcQ6iD9Ov0=,fTkaFo4cs+dD1CcNpbCa4qPDCE8=
-24,-26,zaJ6o+JdF1h9PFbDaAcQ6iD9Ov0=,eXthUhfj8DBsbDEzHh9gGywGdco=
-26,-24,zaJ6o+JdF1h9PFbDaAcQ6iD9Ov0=,wmu8IwQJwsjGk/T0B8syCnuC7Sk=
-29,-25,zaJ6o+JdF1h9PFbDaAcQ6iD9Ov0=,fTkaFo4cs+dD1CcNpbCa4qPDCE8=
-26,-27,zaJ6o+JdF1h9PFbDaAcQ6iD9Ov0=,fTkaFo4cs+dD1CcNpbCa4qPDCE8=
-27,-30,zaJ6o+JdF1h9PFbDaAcQ6iD9Ov0=,fTkaFo4cs+dD1CcNpbCa4qPDCE8=
-27,-25,zaJ6o+JdF1h9PFbDaAcQ6iD9Ov0=,fTkaFo4cs+dD1CcNpbCa4qPDCE8=
-24,-27,zaJ6o+JdF1h9PFbDaAcQ6iD9Ov0=,eXthUhfj8DBsbDEzHh9gGywGdco=
-28,-30,zaJ6o+JdF1h9PFbDaAcQ6iD9Ov0=,fTkaFo4cs+dD1CcNpbCa4qPDCE8=
-30,-31,zaJ6o+JdF1h9PFbDaAcQ6iD9Ov0=,fTkaFo4cs+dD1CcNpbCa4qPDCE8=
-28,-31,zaJ6o+JdF1h9PFbDaAcQ6iD9Ov0=,fTkaFo4cs+dD1CcNpbCa4qPDCE8=
-31,-31,zaJ6o+JdF1h9PFbDaAcQ6iD9Ov0=,fTkaFo4cs+dD1CcNpbCa4qPDCE8=
-29,-31,zaJ6o+JdF1h9PFbDaAcQ6iD9Ov0=,fTkaFo4cs+dD1CcNpbCa4qPDCE8=
-24,-28,zaJ6o+JdF1h9PFbDaAcQ6iD9Ov0=,eXthUhfj8DBsbDEzHh9gGywGdco=
-30,-25,zaJ6o+JdF1h9PFbDaAcQ6iD9Ov0=,fTkaFo4cs+dD1CcNpbCa4qPDCE8=
-24,-31,zaJ6o+JdF1h9PFbDaAcQ6iD9Ov0=,eXthUhfj8DBsbDEzHh9gGywGdco=
-25,-31,zaJ6o+JdF1h9PFbDaAcQ6iD9Ov0=,fTkaFo4cs+dD1CcNpbCa4qPDCE8=
-25,-26,zaJ6o+JdF1h9PFbDaAcQ6iD9Ov0=,fTkaFo4cs+dD1CcNpbCa4qPDCE8=
-31,-25,zaJ6o+JdF1h9PFbDaAcQ6iD9Ov0=,fTkaFo4cs+dD1CcNpbCa4qPDCE8=
-26,-26,zaJ6o+JdF1h9PFbDaAcQ6iD9Ov0=,fTkaFo4cs+dD1CcNpbCa4qPDCE8=
-28,-25,zaJ6o+JdF1h9PFbDaAcQ6iD9Ov0=,fTkaFo4cs+dD1CcNpbCa4qPDCE8=
-29,-26,zaJ6o+JdF1h9PFbDaAcQ6iD9Ov0=,fTkaFo4cs+dD1CcNpbCa4qPDCE8=
-30,-26,zaJ6o+JdF1h9PFbDaAcQ6iD9Ov0=,fTkaFo4cs+dD1CcNpbCa4qPDCE8=
-28,-26,zaJ6o+JdF1h9PFbDaAcQ6iD9Ov0=,fTkaFo4cs+dD1CcNpbCa4qPDCE8=
-31,-26,zaJ6o+JdF1h9PFbDaAcQ6iD9Ov0=,fTkaFo4cs+dD1CcNpbCa4qPDCE8=
-27,-26,zaJ6o+JdF1h9PFbDaAcQ6iD9Ov0=,fTkaFo4cs+dD1CcNpbCa4qPDCE8=
-25,-27,zaJ6o+JdF1h9PFbDaAcQ6iD9Ov0=,fTkaFo4cs+dD1CcNpbCa4qPDCE8=
-19,-25,zaJ6o+JdF1h9PFbDaAcQ6iD9Ov0=,eXthUhfj8DBsbDEzHh9gGywGdco=
-20,-19,zaJ6o+JdF1h9PFbDaAcQ6iD9Ov0=,Dh0zgTmPDI9xzVw6DuQClRYgAp8=
-21,-19,zaJ6o+JdF1h9PFbDaAcQ6iD9Ov0=,Dh0zgTmPDI9xzVw6DuQClRYgAp8=
-19,-19,zaJ6o+JdF1h9PFbDaAcQ6iD9Ov0=,Dh0zgTmPDI9xzVw6DuQClRYgAp8=
-25,-22,zaJ6o+JdF1h9PFbDaAcQ6iD9Ov0=,wmu8IwQJwsjGk/T0B8syCnuC7Sk=
-22,-25,zaJ6o+JdF1h9PFbDaAcQ6iD9Ov0=,eXthUhfj8DBsbDEzHh9gGywGdco=
-20,-25,zaJ6o+JdF1h9PFbDaAcQ6iD9Ov0=,eXthUhfj8DBsbDEzHh9gGywGdco=
-18,-25,zaJ6o+JdF1h9PFbDaAcQ6iD9Ov0=,eXthUhfj8DBsbDEzHh9gGywGdco=
-20,-24,zaJ6o+JdF1h9PFbDaAcQ6iD9Ov0=,Dh0zgTmPDI9xzVw6DuQClRYgAp8=
-18,-19,zaJ6o+JdF1h9PFbDaAcQ6iD9Ov0=,Dh0zgTmPDI9xzVw6DuQClRYgAp8=
-22,-19,zaJ6o+JdF1h9PFbDaAcQ6iD9Ov0=,Dh0zgTmPDI9xzVw6DuQClRYgAp8=
-19,-20,zaJ6o+JdF1h9PFbDaAcQ6iD9Ov0=,Dh0zgTmPDI9xzVw6DuQClRYgAp8=
-21,-25,zaJ6o+JdF1h9PFbDaAcQ6iD9Ov0=,eXthUhfj8DBsbDEzHh9gGywGdco=
-23,-25,zaJ6o+JdF1h9PFbDaAcQ6iD9Ov0=,eXthUhfj8DBsbDEzHh9gGywGdco=
-25,-23,zaJ6o+JdF1h9PFbDaAcQ6iD9Ov0=,wmu8IwQJwsjGk/T0B8syCnuC7Sk=
-19,-21,zaJ6o+JdF1h9PFbDaAcQ6iD9Ov0=,Dh0zgTmPDI9xzVw6DuQClRYgAp8=
-24,-25,zaJ6o+JdF1h9PFbDaAcQ6iD9Ov0=,eXthUhfj8DBsbDEzHh9gGywGdco=
-24,-19,zaJ6o+JdF1h9PFbDaAcQ6iD9Ov0=,Dh0zgTmPDI9xzVw6DuQClRYgAp8=
-24,-23,zaJ6o+JdF1h9PFbDaAcQ6iD9Ov0=,Dh0zgTmPDI9xzVw6DuQClRYgAp8=
-18,-22,zaJ6o+JdF1h9PFbDaAcQ6iD9Ov0=,Dh0zgTmPDI9xzVw6DuQClRYgAp8=
-23,-19,zaJ6o+JdF1h9PFbDaAcQ6iD9Ov0=,Dh0zgTmPDI9xzVw6DuQClRYgAp8=
-25,-18,zaJ6o+JdF1h9PFbDaAcQ6iD9Ov0=,wmu8IwQJwsjGk/T0B8syCnuC7Sk=
-19,-23,zaJ6o+JdF1h9PFbDaAcQ6iD9Ov0=,Dh0zgTmPDI9xzVw6DuQClRYgAp8=
-18,-23,zaJ6o+JdF1h9PFbDaAcQ6iD9Ov0=,Dh0zgTmPDI9xzVw6DuQClRYgAp8=
-23,-23,zaJ6o+JdF1h9PFbDaAcQ6iD9Ov0=,Dh0zgTmPDI9xzVw6DuQClRYgAp8=
-24,-22,zaJ6o+JdF1h9PFbDaAcQ6iD9Ov0=,Dh0zgTmPDI9xzVw6DuQClRYgAp8=
-21,-24,zaJ6o+JdF1h9PFbDaAcQ6iD9Ov0=,Dh0zgTmPDI9xzVw6DuQClRYgAp8=
-25,-25,zaJ6o+JdF1h9PFbDaAcQ6iD9Ov0=,fTkaFo4cs+dD1CcNpbCa4qPDCE8=
-22,-22,zaJ6o+JdF1h9PFbDaAcQ6iD9Ov0=,Dh0zgTmPDI9xzVw6DuQClRYgAp8=
-21,-20,zaJ6o+JdF1h9PFbDaAcQ6iD9Ov0=,Dh0zgTmPDI9xzVw6DuQClRYgAp8=
-18,-20,zaJ6o+JdF1h9PFbDaAcQ6iD9Ov0=,Dh0zgTmPDI9xzVw6DuQClRYgAp8=
-25,-19,zaJ6o+JdF1h9PFbDaAcQ6iD9Ov0=,wmu8IwQJwsjGk/T0B8syCnuC7Sk=
-20,-22,zaJ6o+JdF1h9PFbDaAcQ6iD9Ov0=,Dh0zgTmPDI9xzVw6DuQClRYgAp8=
-18,-24,zaJ6o+JdF1h9PFbDaAcQ6iD9Ov0=,Dh0zgTmPDI9xzVw6DuQClRYgAp8=
-21,-22,zaJ6o+JdF1h9PFbDaAcQ6iD9Ov0=,Dh0zgTmPDI9xzVw6DuQClRYgAp8=
-25,-24,zaJ6o+JdF1h9PFbDaAcQ6iD9Ov0=,wmu8IwQJwsjGk/T0B8syCnuC7Sk=
-24,-18,zaJ6o+JdF1h9PFbDaAcQ6iD9Ov0=,Dh0zgTmPDI9xzVw6DuQClRYgAp8=
-19,-22,zaJ6o+JdF1h9PFbDaAcQ6iD9Ov0=,Dh0zgTmPDI9xzVw6DuQClRYgAp8=
-20,-20,zaJ6o+JdF1h9PFbDaAcQ6iD9Ov0=,Dh0zgTmPDI9xzVw6DuQClRYgAp8=
-19,-24,zaJ6o+JdF1h9PFbDaAcQ6iD9Ov0=,Dh0zgTmPDI9xzVw6DuQClRYgAp8=
-22,-20,zaJ6o+JdF1h9PFbDaAcQ6iD9Ov0=,Dh0zgTmPDI9xzVw6DuQClRYgAp8=
-20,-21,zaJ6o+JdF1h9PFbDaAcQ6iD9Ov0=,Dh0zgTmPDI9xzVw6DuQClRYgAp8=
-19,-18,zaJ6o+JdF1h9PFbDaAcQ6iD9Ov0=,Dh0zgTmPDI9xzVw6DuQClRYgAp8=
-24,-20,zaJ6o+JdF1h9PFbDaAcQ6iD9Ov0=,Dh0zgTmPDI9xzVw6DuQClRYgAp8=
-20,-18,zaJ6o+JdF1h9PFbDaAcQ6iD9Ov0=,Dh0zgTmPDI9xzVw6DuQClRYgAp8=
-25,-20,zaJ6o+JdF1h9PFbDaAcQ6iD9Ov0=,wmu8IwQJwsjGk/T0B8syCnuC7Sk=
-18,-18,zaJ6o+JdF1h9PFbDaAcQ6iD9Ov0=,Dh0zgTmPDI9xzVw6DuQClRYgAp8=
-20,-23,zaJ6o+JdF1h9PFbDaAcQ6iD9Ov0=,Dh0zgTmPDI9xzVw6DuQClRYgAp8=
-22,-24,zaJ6o+JdF1h9PFbDaAcQ6iD9Ov0=,Dh0zgTmPDI9xzVw6DuQClRYgAp8=
-21,-21,zaJ6o+JdF1h9PFbDaAcQ6iD9Ov0=,Dh0zgTmPDI9xzVw6DuQClRYgAp8=
-23,-20,zaJ6o+JdF1h9PFbDaAcQ6iD9Ov0=,Dh0zgTmPDI9xzVw6DuQClRYgAp8=
-23,-24,zaJ6o+JdF1h9PFbDaAcQ6iD9Ov0=,Dh0zgTmPDI9xzVw6DuQClRYgAp8=
-23,-22,zaJ6o+JdF1h9PFbDaAcQ6iD9Ov0=,Dh0zgTmPDI9xzVw6DuQClRYgAp8=
-18,-21,zaJ6o+JdF1h9PFbDaAcQ6iD9Ov0=,Dh0zgTmPDI9xzVw6DuQClRYgAp8=
-22,-21,zaJ6o+JdF1h9PFbDaAcQ6iD9Ov0=,Dh0zgTmPDI9xzVw6DuQClRYgAp8=
-25,-21,zaJ6o+JdF1h9PFbDaAcQ6iD9Ov0=,wmu8IwQJwsjGk/T0B8syCnuC7Sk=
-24,-24,zaJ6o+JdF1h9PFbDaAcQ6iD9Ov0=,Dh0zgTmPDI9xzVw6DuQClRYgAp8=
-21,-23,zaJ6o+JdF1h9PFbDaAcQ6iD9Ov0=,Dh0zgTmPDI9xzVw6DuQClRYgAp8=
-24,-21,zaJ6o+JdF1h9PFbDaAcQ6iD9Ov0=,Dh0zgTmPDI9xzVw6DuQClRYgAp8=
-22,-23,zaJ6o+JdF1h9PFbDaAcQ6iD9Ov0=,Dh0zgTmPDI9xzVw6DuQClRYgAp8=
-21,-18,zaJ6o+JdF1h9PFbDaAcQ6iD9Ov0=,Dh0zgTmPDI9xzVw6DuQClRYgAp8=
-23,-18,zaJ6o+JdF1h9PFbDaAcQ6iD9Ov0=,Dh0zgTmPDI9xzVw6DuQClRYgAp8=
-23,-21,zaJ6o+JdF1h9PFbDaAcQ6iD9Ov0=,Dh0zgTmPDI9xzVw6DuQClRYgAp8=
-22,-18,zaJ6o+JdF1h9PFbDaAcQ6iD9Ov0=,Dh0zgTmPDI9xzVw6DuQClRYgAp8=
-32,-18,zaJ6o+JdF1h9PFbDaAcQ6iD9Ov0=,wmu8IwQJwsjGk/T0B8syCnuC7Sk=
-32,-23,zaJ6o+JdF1h9PFbDaAcQ6iD9Ov0=,wmu8IwQJwsjGk/T0B8syCnuC7Sk=
-32,-19,zaJ6o+JdF1h9PFbDaAcQ6iD9Ov0=,wmu8IwQJwsjGk/T0B8syCnuC7Sk=
-32,-22,zaJ6o+JdF1h9PFbDaAcQ6iD9Ov0=,wmu8IwQJwsjGk/T0B8syCnuC7Sk=
-32,-30,zaJ6o+JdF1h9PFbDaAcQ6iD9Ov0=,fTkaFo4cs+dD1CcNpbCa4qPDCE8=
-32,-24,zaJ6o+JdF1h9PFbDaAcQ6iD9Ov0=,wmu8IwQJwsjGk/T0B8syCnuC7Sk=
-32,-29,zaJ6o+JdF1h9PFbDaAcQ6iD9Ov0=,fTkaFo4cs+dD1CcNpbCa4qPDCE8=
-32,-28,zaJ6o+JdF1h9PFbDaAcQ6iD9Ov0=,fTkaFo4cs+dD1CcNpbCa4qPDCE8=
-32,-21,zaJ6o+JdF1h9PFbDaAcQ6iD9Ov0=,wmu8IwQJwsjGk/T0B8syCnuC7Sk=
-32,-20,zaJ6o+JdF1h9PFbDaAcQ6iD9Ov0=,wmu8IwQJwsjGk/T0B8syCnuC7Sk=
-32,-27,zaJ6o+JdF1h9PFbDaAcQ6iD9Ov0=,fTkaFo4cs+dD1CcNpbCa4qPDCE8=
-32,-26,zaJ6o+JdF1h9PFbDaAcQ6iD9Ov0=,fTkaFo4cs+dD1CcNpbCa4qPDCE8=
-32,-31,zaJ6o+JdF1h9PFbDaAcQ6iD9Ov0=,fTkaFo4cs+dD1CcNpbCa4qPDCE8=
-32,-25,zaJ6o+JdF1h9PFbDaAcQ6iD9Ov0=,fTkaFo4cs+dD1CcNpbCa4qPDCE8=
-29,-17,zaJ6o+JdF1h9PFbDaAcQ6iD9Ov0=,wmu8IwQJwsjGk/T0B8syCnuC7Sk=
-28,-17,zaJ6o+JdF1h9PFbDaAcQ6iD9Ov0=,wmu8IwQJwsjGk/T0B8syCnuC7Sk=
-30,-17,zaJ6o+JdF1h9PFbDaAcQ6iD9Ov0=,wmu8IwQJwsjGk/T0B8syCnuC7Sk=
-31,-17,zaJ6o+JdF1h9PFbDaAcQ6iD9Ov0=,wmu8IwQJwsjGk/T0B8syCnuC7Sk=
-27,-17,zaJ6o+JdF1h9PFbDaAcQ6iD9Ov0=,wmu8IwQJwsjGk/T0B8syCnuC7Sk=
-19,-17,zaJ6o+JdF1h9PFbDaAcQ6iD9Ov0=,Dh0zgTmPDI9xzVw6DuQClRYgAp8=
-26,-17,zaJ6o+JdF1h9PFbDaAcQ6iD9Ov0=,wmu8IwQJwsjGk/T0B8syCnuC7Sk=
-18,-17,zaJ6o+JdF1h9PFbDaAcQ6iD9Ov0=,Dh0zgTmPDI9xzVw6DuQClRYgAp8=
-25,-17,zaJ6o+JdF1h9PFbDaAcQ6iD9Ov0=,wmu8IwQJwsjGk/T0B8syCnuC7Sk=
-21,-17,zaJ6o+JdF1h9PFbDaAcQ6iD9Ov0=,Dh0zgTmPDI9xzVw6DuQClRYgAp8=
-24,-17,zaJ6o+JdF1h9PFbDaAcQ6iD9Ov0=,Dh0zgTmPDI9xzVw6DuQClRYgAp8=
-22,-17,zaJ6o+JdF1h9PFbDaAcQ6iD9Ov0=,Dh0zgTmPDI9xzVw6DuQClRYgAp8=
-23,-17,zaJ6o+JdF1h9PFbDaAcQ6iD9Ov0=,Dh0zgTmPDI9xzVw6DuQClRYgAp8=
-20,-17,zaJ6o+JdF1h9PFbDaAcQ6iD9Ov0=,Dh0zgTmPDI9xzVw6DuQClRYgAp8=
-17,-30,zaJ6o+JdF1h9PFbDaAcQ6iD9Ov0=,eXthUhfj8DBsbDEzHh9gGywGdco=
-17,-31,zaJ6o+JdF1h9PFbDaAcQ6iD9Ov0=,eXthUhfj8DBsbDEzHh9gGywGdco=
-17,-25,zaJ6o+JdF1h9PFbDaAcQ6iD9Ov0=,eXthUhfj8DBsbDEzHh9gGywGdco=
-18,-32,zaJ6o+JdF1h9PFbDaAcQ6iD9Ov0=,eXthUhfj8DBsbDEzHh9gGywGdco=
-17,-29,zaJ6o+JdF1h9PFbDaAcQ6iD9Ov0=,eXthUhfj8DBsbDEzHh9gGywGdco=
-21,-32,zaJ6o+JdF1h9PFbDaAcQ6iD9Ov0=,eXthUhfj8DBsbDEzHh9gGywGdco=
-20,-32,zaJ6o+JdF1h9PFbDaAcQ6iD9Ov0=,eXthUhfj8DBsbDEzHh9gGywGdco=
-19,-32,zaJ6o+JdF1h9PFbDaAcQ6iD9Ov0=,eXthUhfj8DBsbDEzHh9gGywGdco=
-26,-32,zaJ6o+JdF1h9PFbDaAcQ6iD9Ov0=,fTkaFo4cs+dD1CcNpbCa4qPDCE8=
-22,-32,zaJ6o+JdF1h9PFbDaAcQ6iD9Ov0=,eXthUhfj8DBsbDEzHh9gGywGdco=
-17,-19,zaJ6o+JdF1h9PFbDaAcQ6iD9Ov0=,Dh0zgTmPDI9xzVw6DuQClRYgAp8=
-17,-18,zaJ6o+JdF1h9PFbDaAcQ6iD9Ov0=,Dh0zgTmPDI9xzVw6DuQClRYgAp8=
-17,-21,zaJ6o+JdF1h9PFbDaAcQ6iD9Ov0=,Dh0zgTmPDI9xzVw6DuQClRYgAp8=
-17,-22,zaJ6o+JdF1h9PFbDaAcQ6iD9Ov0=,Dh0zgTmPDI9xzVw6DuQClRYgAp8=
-17,-20,zaJ6o+JdF1h9PFbDaAcQ6iD9Ov0=,Dh0zgTmPDI9xzVw6DuQClRYgAp8=
-27,-32,zaJ6o+JdF1h9PFbDaAcQ6iD9Ov0=,fTkaFo4cs+dD1CcNpbCa4qPDCE8=
-17,-24,zaJ6o+JdF1h9PFbDaAcQ6iD9Ov0=,Dh0zgTmPDI9xzVw6DuQClRYgAp8=
-31,-32,zaJ6o+JdF1h9PFbDaAcQ6iD9Ov0=,fTkaFo4cs+dD1CcNpbCa4qPDCE8=
-17,-26,zaJ6o+JdF1h9PFbDaAcQ6iD9Ov0=,eXthUhfj8DBsbDEzHh9gGywGdco=
-25,-32,zaJ6o+JdF1h9PFbDaAcQ6iD9Ov0=,fTkaFo4cs+dD1CcNpbCa4qPDCE8=
-28,-32,zaJ6o+JdF1h9PFbDaAcQ6iD9Ov0=,fTkaFo4cs+dD1CcNpbCa4qPDCE8=
-24,-32,zaJ6o+JdF1h9PFbDaAcQ6iD9Ov0=,eXthUhfj8DBsbDEzHh9gGywGdco=
-30,-32,zaJ6o+JdF1h9PFbDaAcQ6iD9Ov0=,fTkaFo4cs+dD1CcNpbCa4qPDCE8=
-17,-23,zaJ6o+JdF1h9PFbDaAcQ6iD9Ov0=,Dh0zgTmPDI9xzVw6DuQClRYgAp8=
-23,-32,zaJ6o+JdF1h9PFbDaAcQ6iD9Ov0=,eXthUhfj8DBsbDEzHh9gGywGdco=
-29,-32,zaJ6o+JdF1h9PFbDaAcQ6iD9Ov0=,fTkaFo4cs+dD1CcNpbCa4qPDCE8=
-17,-28,zaJ6o+JdF1h9PFbDaAcQ6iD9Ov0=,eXthUhfj8DBsbDEzHh9gGywGdco=
-17,-27,zaJ6o+JdF1h9PFbDaAcQ6iD9Ov0=,eXthUhfj8DBsbDEzHh9gGywGdco=
-32,-17,zaJ6o+JdF1h9PFbDaAcQ6iD9Ov0=,wmu8IwQJwsjGk/T0B8syCnuC7Sk=
-17,-32,zaJ6o+JdF1h9PFbDaAcQ6iD9Ov0=,eXthUhfj8DBsbDEzHh9gGywGdco=
-32,-32,zaJ6o+JdF1h9PFbDaAcQ6iD9Ov0=,fTkaFo4cs+dD1CcNpbCa4qPDCE8=
-17,-17,zaJ6o+JdF1h9PFbDaAcQ6iD9Ov0=,Dh0zgTmPDI9xzVw6DuQClRYgAp8=
-28,-5,egEgjaFwXVuQPL4zkm5+Q4brO8o=,PaEfMpmswQp+6/MYwcV4RO26Uc8=
-31,-6,egEgjaFwXVuQPL4zkm5+Q4brO8o=,PaEfMpmswQp+6/MYwcV4RO26Uc8=
-30,-5,egEgjaFwXVuQPL4zkm5+Q4brO8o=,PaEfMpmswQp+6/MYwcV4RO26Uc8=
-29,-5,egEgjaFwXVuQPL4zkm5+Q4brO8o=,PaEfMpmswQp+6/MYwcV4RO26Uc8=
-31,-5,egEgjaFwXVuQPL4zkm5+Q4brO8o=,PaEfMpmswQp+6/MYwcV4RO26Uc8=
-30,-6,egEgjaFwXVuQPL4zkm5+Q4brO8o=,PaEfMpmswQp+6/MYwcV4RO26Uc8=
-29,-6,egEgjaFwXVuQPL4zkm5+Q4brO8o=,PaEfMpmswQp+6/MYwcV4RO26Uc8=
-28,-6,egEgjaFwXVuQPL4zkm5+Q4brO8o=,PaEfMpmswQp+6/MYwcV4RO26Uc8=
-26,-7,egEgjaFwXVuQPL4zkm5+Q4brO8o=,PaEfMpmswQp+6/MYwcV4RO26Uc8=
-26,-6,egEgjaFwXVuQPL4zkm5+Q4brO8o=,PaEfMpmswQp+6/MYwcV4RO26Uc8=
-30,-7,egEgjaFwXVuQPL4zkm5+Q4brO8o=,PaEfMpmswQp+6/MYwcV4RO26Uc8=
-27,-6,egEgjaFwXVuQPL4zkm5+Q4brO8o=,PaEfMpmswQp+6/MYwcV4RO26Uc8=
-31,-7,egEgjaFwXVuQPL4zkm5+Q4brO8o=,PaEfMpmswQp+6/MYwcV4RO26Uc8=
-26,-2,egEgjaFwXVuQPL4zkm5+Q4brO8o=,PaEfMpmswQp+6/MYwcV4RO26Uc8=
-27,-2,egEgjaFwXVuQPL4zkm5+Q4brO8o=,PaEfMpmswQp+6/MYwcV4RO26Uc8=
-27,-7,egEgjaFwXVuQPL4zkm5+Q4brO8o=,PaEfMpmswQp+6/MYwcV4RO26Uc8=
-28,-2,egEgjaFwXVuQPL4zkm5+Q4brO8o=,PaEfMpmswQp+6/MYwcV4RO26Uc8=
-30,-2,egEgjaFwXVuQPL4zkm5+Q4brO8o=,PaEfMpmswQp+6/MYwcV4RO26Uc8=
-31,-2,egEgjaFwXVuQPL4zkm5+Q4brO8o=,PaEfMpmswQp+6/MYwcV4RO26Uc8=
-29,-7,egEgjaFwXVuQPL4zkm5+Q4brO8o=,PaEfMpmswQp+6/MYwcV4RO26Uc8=
-28,-7,egEgjaFwXVuQPL4zkm5+Q4brO8o=,PaEfMpmswQp+6/MYwcV4RO26Uc8=
-29,-2,egEgjaFwXVuQPL4zkm5+Q4brO8o=,PaEfMpmswQp+6/MYwcV4RO26Uc8=
-30,-3,egEgjaFwXVuQPL4zkm5+Q4brO8o=,PaEfMpmswQp+6/MYwcV4RO26Uc8=
-26,-3,egEgjaFwXVuQPL4zkm5+Q4brO8o=,PaEfMpmswQp+6/MYwcV4RO26Uc8=
-28,-3,egEgjaFwXVuQPL4zkm5+Q4brO8o=,PaEfMpmswQp+6/MYwcV4RO26Uc8=
-27,-3,egEgjaFwXVuQPL4zkm5+Q4brO8o=,PaEfMpmswQp+6/MYwcV4RO26Uc8=
-29,-3,egEgjaFwXVuQPL4zkm5+Q4brO8o=,PaEfMpmswQp+6/MYwcV4RO26Uc8=
-28,-4,egEgjaFwXVuQPL4zkm5+Q4brO8o=,PaEfMpmswQp+6/MYwcV4RO26Uc8=
-31,-3,egEgjaFwXVuQPL4zkm5+Q4brO8o=,PaEfMpmswQp+6/MYwcV4RO26Uc8=
-29,-4,egEgjaFwXVuQPL4zkm5+Q4brO8o=,PaEfMpmswQp+6/MYwcV4RO26Uc8=
-27,-5,egEgjaFwXVuQPL4zkm5+Q4brO8o=,PaEfMpmswQp+6/MYwcV4RO26Uc8=
-27,-4,egEgjaFwXVuQPL4zkm5+Q4brO8o=,PaEfMpmswQp+6/MYwcV4RO26Uc8=
-26,-4,egEgjaFwXVuQPL4zkm5+Q4brO8o=,PaEfMpmswQp+6/MYwcV4RO26Uc8=
-31,-4,egEgjaFwXVuQPL4zkm5+Q4brO8o=,PaEfMpmswQp+6/MYwcV4RO26Uc8=
-26,-5,egEgjaFwXVuQPL4zkm5+Q4brO8o=,PaEfMpmswQp+6/MYwcV4RO26Uc8=
-30,-4,egEgjaFwXVuQPL4zkm5+Q4brO8o=,PaEfMpmswQp+6/MYwcV4RO26Uc8=
-31,-11,egEgjaFwXVuQPL4zkm5+Q4brO8o=,+VHttRMLpqq9UgsWsUAcOxCcUHU=
-30,-11,egEgjaFwXVuQPL4zkm5+Q4brO8o=,+VHttRMLpqq9UgsWsUAcOxCcUHU=
-29,-11,egEgjaFwXVuQPL4zkm5+Q4brO8o=,+VHttRMLpqq9UgsWsUAcOxCcUHU=
-26,-12,egEgjaFwXVuQPL4zkm5+Q4brO8o=,+VHttRMLpqq9UgsWsUAcOxCcUHU=
-27,-12,egEgjaFwXVuQPL4zkm5+Q4brO8o=,+VHttRMLpqq9UgsWsUAcOxCcUHU=
-27,-13,egEgjaFwXVuQPL4zkm5+Q4brO8o=,+VHttRMLpqq9UgsWsUAcOxCcUHU=
-28,-13,egEgjaFwXVuQPL4zkm5+Q4brO8o=,+VHttRMLpqq9UgsWsUAcOxCcUHU=
-28,-12,egEgjaFwXVuQPL4zkm5+Q4brO8o=,+VHttRMLpqq9UgsWsUAcOxCcUHU=
-29,-13,egEgjaFwXVuQPL4zkm5+Q4brO8o=,+VHttRMLpqq9UgsWsUAcOxCcUHU=
-29,-12,egEgjaFwXVuQPL4zkm5+Q4brO8o=,+VHttRMLpqq9UgsWsUAcOxCcUHU=
-31,-13,egEgjaFwXVuQPL4zkm5+Q4brO8o=,+VHttRMLpqq9UgsWsUAcOxCcUHU=
-27,-14,egEgjaFwXVuQPL4zkm5+Q4brO8o=,+VHttRMLpqq9UgsWsUAcOxCcUHU=
-28,-11,egEgjaFwXVuQPL4zkm5+Q4brO8o=,+VHttRMLpqq9UgsWsUAcOxCcUHU=
-30,-12,egEgjaFwXVuQPL4zkm5+Q4brO8o=,+VHttRMLpqq9UgsWsUAcOxCcUHU=
-26,-14,egEgjaFwXVuQPL4zkm5+Q4brO8o=,+VHttRMLpqq9UgsWsUAcOxCcUHU=
-30,-13,egEgjaFwXVuQPL4zkm5+Q4brO8o=,+VHttRMLpqq9UgsWsUAcOxCcUHU=
-31,-12,egEgjaFwXVuQPL4zkm5+Q4brO8o=,+VHttRMLpqq9UgsWsUAcOxCcUHU=
-26,-13,egEgjaFwXVuQPL4zkm5+Q4brO8o=,+VHttRMLpqq9UgsWsUAcOxCcUHU=
-30,-8,egEgjaFwXVuQPL4zkm5+Q4brO8o=,PaEfMpmswQp+6/MYwcV4RO26Uc8=
-26,-8,egEgjaFwXVuQPL4zkm5+Q4brO8o=,PaEfMpmswQp+6/MYwcV4RO26Uc8=
-30,-14,egEgjaFwXVuQPL4zkm5+Q4brO8o=,+VHttRMLpqq9UgsWsUAcOxCcUHU=
-29,-8,egEgjaFwXVuQPL4zkm5+Q4brO8o=,PaEfMpmswQp+6/MYwcV4RO26Uc8=
-31,-14,egEgjaFwXVuQPL4zkm5+Q4brO8o=,+VHttRMLpqq9UgsWsUAcOxCcUHU=
-27,-11,egEgjaFwXVuQPL4zkm5+Q4brO8o=,+VHttRMLpqq9UgsWsUAcOxCcUHU=
-29,-14,egEgjaFwXVuQPL4zkm5+Q4brO8o=,+VHttRMLpqq9UgsWsUAcOxCcUHU=
-28,-14,egEgjaFwXVuQPL4zkm5+Q4brO8o=,+VHttRMLpqq9UgsWsUAcOxCcUHU=
-31,-8,egEgjaFwXVuQPL4zkm5+Q4brO8o=,PaEfMpmswQp+6/MYwcV4RO26Uc8=
-28,-8,egEgjaFwXVuQPL4zkm5+Q4brO8o=,PaEfMpmswQp+6/MYwcV4RO26Uc8=
-27,-8,egEgjaFwXVuQPL4zkm5+Q4brO8o=,PaEfMpmswQp+6/MYwcV4RO26Uc8=
-30,-15,egEgjaFwXVuQPL4zkm5+Q4brO8o=,+VHttRMLpqq9UgsWsUAcOxCcUHU=
-29,-9,egEgjaFwXVuQPL4zkm5+Q4brO8o=,+VHttRMLpqq9UgsWsUAcOxCcUHU=
-30,-9,egEgjaFwXVuQPL4zkm5+Q4brO8o=,+VHttRMLpqq9UgsWsUAcOxCcUHU=
-31,-15,egEgjaFwXVuQPL4zkm5+Q4brO8o=,+VHttRMLpqq9UgsWsUAcOxCcUHU=
-29,-15,egEgjaFwXVuQPL4zkm5+Q4brO8o=,+VHttRMLpqq9UgsWsUAcOxCcUHU=
-27,-15,egEgjaFwXVuQPL4zkm5+Q4brO8o=,+VHttRMLpqq9UgsWsUAcOxCcUHU=
-26,-9,egEgjaFwXVuQPL4zkm5+Q4brO8o=,+VHttRMLpqq9UgsWsUAcOxCcUHU=
-26,-15,egEgjaFwXVuQPL4zkm5+Q4brO8o=,+VHttRMLpqq9UgsWsUAcOxCcUHU=
-27,-9,egEgjaFwXVuQPL4zkm5+Q4brO8o=,+VHttRMLpqq9UgsWsUAcOxCcUHU=
-28,-15,egEgjaFwXVuQPL4zkm5+Q4brO8o=,+VHttRMLpqq9UgsWsUAcOxCcUHU=
-26,-11,egEgjaFwXVuQPL4zkm5+Q4brO8o=,+VHttRMLpqq9UgsWsUAcOxCcUHU=
-29,-10,egEgjaFwXVuQPL4zkm5+Q4brO8o=,+VHttRMLpqq9UgsWsUAcOxCcUHU=
-26,-10,egEgjaFwXVuQPL4zkm5+Q4brO8o=,+VHttRMLpqq9UgsWsUAcOxCcUHU=
-28,-9,egEgjaFwXVuQPL4zkm5+Q4brO8o=,+VHttRMLpqq9UgsWsUAcOxCcUHU=
-30,-10,egEgjaFwXVuQPL4zkm5+Q4brO8o=,+VHttRMLpqq9UgsWsUAcOxCcUHU=
-31,-9,egEgjaFwXVuQPL4zkm5+Q4brO8o=,+VHttRMLpqq9UgsWsUAcOxCcUHU=
-27,-10,egEgjaFwXVuQPL4zkm5+Q4brO8o=,+VHttRMLpqq9UgsWsUAcOxCcUHU=
-28,-10,egEgjaFwXVuQPL4zkm5+Q4brO8o=,+VHttRMLpqq9UgsWsUAcOxCcUHU=
-31,-10,egEgjaFwXVuQPL4zkm5+Q4brO8o=,+VHttRMLpqq9UgsWsUAcOxCcUHU=
-25,-7,egEgjaFwXVuQPL4zkm5+Q4brO8o=,PaEfMpmswQp+6/MYwcV4RO26Uc8=
-18,-5,egEgjaFwXVuQPL4zkm5+Q4brO8o=,KmY8a3W++r3058s3Lg0W2fHWDyw=
-25,-2,egEgjaFwXVuQPL4zkm5+Q4brO8o=,PaEfMpmswQp+6/MYwcV4RO26Uc8=
-25,-6,egEgjaFwXVuQPL4zkm5+Q4brO8o=,PaEfMpmswQp+6/MYwcV4RO26Uc8=
-19,-3,egEgjaFwXVuQPL4zkm5+Q4brO8o=,KmY8a3W++r3058s3Lg0W2fHWDyw=
-24,-3,egEgjaFwXVuQPL4zkm5+Q4brO8o=,KmY8a3W++r3058s3Lg0W2fHWDyw=
-23,-5,egEgjaFwXVuQPL4zkm5+Q4brO8o=,KmY8a3W++r3058s3Lg0W2fHWDyw=
-24,-5,egEgjaFwXVuQPL4zkm5+Q4brO8o=,KmY8a3W++r3058s3Lg0W2fHWDyw=
-18,-6,egEgjaFwXVuQPL4zkm5+Q4brO8o=,KmY8a3W++r3058s3Lg0W2fHWDyw=
-20,-2,egEgjaFwXVuQPL4zkm5+Q4brO8o=,KmY8a3W++r3058s3Lg0W2fHWDyw=
-23,-3,egEgjaFwXVuQPL4zkm5+Q4brO8o=,KmY8a3W++r3058s3Lg0W2fHWDyw=
-22,-5,egEgjaFwXVuQPL4zkm5+Q4brO8o=,KmY8a3W++r3058s3Lg0W2fHWDyw=
-20,-3,egEgjaFwXVuQPL4zkm5+Q4brO8o=,KmY8a3W++r3058s3Lg0W2fHWDyw=
-19,-2,egEgjaFwXVuQPL4zkm5+Q4brO8o=,KmY8a3W++r3058s3Lg0W2fHWDyw=
-21,-3,egEgjaFwXVuQPL4zkm5+Q4brO8o=,KmY8a3W++r3058s3Lg0W2fHWDyw=
-24,-2,egEgjaFwXVuQPL4zkm5+Q4brO8o=,KmY8a3W++r3058s3Lg0W2fHWDyw=
-19,-5,egEgjaFwXVuQPL4zkm5+Q4brO8o=,KmY8a3W++r3058s3Lg0W2fHWDyw=
-25,-3,egEgjaFwXVuQPL4zkm5+Q4brO8o=,PaEfMpmswQp+6/MYwcV4RO26Uc8=
-19,-6,egEgjaFwXVuQPL4zkm5+Q4brO8o=,KmY8a3W++r3058s3Lg0W2fHWDyw=
-22,-3,egEgjaFwXVuQPL4zkm5+Q4brO8o=,KmY8a3W++r3058s3Lg0W2fHWDyw=
-21,-2,egEgjaFwXVuQPL4zkm5+Q4brO8o=,KmY8a3W++r3058s3Lg0W2fHWDyw=
-20,-5,egEgjaFwXVuQPL4zkm5+Q4brO8o=,KmY8a3W++r3058s3Lg0W2fHWDyw=
-23,-2,egEgjaFwXVuQPL4zkm5+Q4brO8o=,KmY8a3W++r3058s3Lg0W2fHWDyw=
-21,-7,egEgjaFwXVuQPL4zkm5+Q4brO8o=,KmY8a3W++r3058s3Lg0W2fHWDyw=
-19,-7,egEgjaFwXVuQPL4zkm5+Q4brO8o=,KmY8a3W++r3058s3Lg0W2fHWDyw=
-21,-6,egEgjaFwXVuQPL4zkm5+Q4brO8o=,KmY8a3W++r3058s3Lg0W2fHWDyw=
-22,-2,egEgjaFwXVuQPL4zkm5+Q4brO8o=,KmY8a3W++r3058s3Lg0W2fHWDyw=
-18,-7,egEgjaFwXVuQPL4zkm5+Q4brO8o=,KmY8a3W++r3058s3Lg0W2fHWDyw=
-22,-7,egEgjaFwXVuQPL4zkm5+Q4brO8o=,KmY8a3W++r3058s3Lg0W2fHWDyw=
-25,-5,egEgjaFwXVuQPL4zkm5+Q4brO8o=,PaEfMpmswQp+6/MYwcV4RO26Uc8=
-18,-4,egEgjaFwXVuQPL4zkm5+Q4brO8o=,KmY8a3W++r3058s3Lg0W2fHWDyw=
-20,-7,egEgjaFwXVuQPL4zkm5+Q4brO8o=,KmY8a3W++r3058s3Lg0W2fHWDyw=
-24,-6,egEgjaFwXVuQPL4zkm5+Q4brO8o=,KmY8a3W++r3058s3Lg0W2fHWDyw=
-24,-7,egEgjaFwXVuQPL4zkm5+Q4brO8o=,KmY8a3W++r3058s3Lg0W2fHWDyw=
-20,-6,egEgjaFwXVuQPL4zkm5+Q4brO8o=,KmY8a3W++r3058s3Lg0W2fHWDyw=
-23,-7,egEgjaFwXVuQPL4zkm5+Q4brO8o=,KmY8a3W++r3058s3Lg0W2fHWDyw=
-23,-6,egEgjaFwXVuQPL4zkm5+Q4brO8o=,KmY8a3W++r3058s3Lg0W2fHWDyw=
-20,-4,egEgjaFwXVuQPL4zkm5+Q4brO8o=,KmY8a3W++r3058s3Lg0W2fHWDyw=
-21,-4,egEgjaFwXVuQPL4zkm5+Q4brO8o=,KmY8a3W++r3058s3Lg0W2fHWDyw=
-25,-4,egEgjaFwXVuQPL4zkm5+Q4brO8o=,PaEfMpmswQp+6/MYwcV4RO26Uc8=
-19,-4,egEgjaFwXVuQPL4zkm5+Q4brO8o=,KmY8a3W++r3058s3Lg0W2fHWDyw=
-22,-4,egEgjaFwXVuQPL4zkm5+Q4brO8o=,KmY8a3W++r3058s3Lg0W2fHWDyw=
-23,-4,egEgjaFwXVuQPL4zkm5+Q4brO8o=,KmY8a3W++r3058s3Lg0W2fHWDyw=
-22,-6,egEgjaFwXVuQPL4zkm5+Q4brO8o=,KmY8a3W++r3058s3Lg0W2fHWDyw=
-18,-2,egEgjaFwXVuQPL4zkm5+Q4brO8o=,KmY8a3W++r3058s3Lg0W2fHWDyw=
-24,-4,egEgjaFwXVuQPL4zkm5+Q4brO8o=,KmY8a3W++r3058s3Lg0W2fHWDyw=
-21,-5,egEgjaFwXVuQPL4zkm5+Q4brO8o=,KmY8a3W++r3058s3Lg0W2fHWDyw=
-18,-3,egEgjaFwXVuQPL4zkm5+Q4brO8o=,KmY8a3W++r3058s3Lg0W2fHWDyw=
-19,-10,egEgjaFwXVuQPL4zkm5+Q4brO8o=,lU/WkLqoaHJ0KukbW8Iwd/7MW0c=
-20,-10,egEgjaFwXVuQPL4zkm5+Q4brO8o=,lU/WkLqoaHJ0KukbW8Iwd/7MW0c=
-25,-12,egEgjaFwXVuQPL4zkm5+Q4brO8o=,+VHttRMLpqq9UgsWsUAcOxCcUHU=
-20,-11,egEgjaFwXVuQPL4zkm5+Q4brO8o=,lU/WkLqoaHJ0KukbW8Iwd/7MW0c=
-20,-9,egEgjaFwXVuQPL4zkm5+Q4brO8o=,lU/WkLqoaHJ0KukbW8Iwd/7MW0c=
-18,-10,egEgjaFwXVuQPL4zkm5+Q4brO8o=,lU/WkLqoaHJ0KukbW8Iwd/7MW0c=
-24,-10,egEgjaFwXVuQPL4zkm5+Q4brO8o=,lU/WkLqoaHJ0KukbW8Iwd/7MW0c=
-22,-10,egEgjaFwXVuQPL4zkm5+Q4brO8o=,lU/WkLqoaHJ0KukbW8Iwd/7MW0c=
-23,-10,egEgjaFwXVuQPL4zkm5+Q4brO8o=,lU/WkLqoaHJ0KukbW8Iwd/7MW0c=
-21,-9,egEgjaFwXVuQPL4zkm5+Q4brO8o=,lU/WkLqoaHJ0KukbW8Iwd/7MW0c=
-23,-9,egEgjaFwXVuQPL4zkm5+Q4brO8o=,lU/WkLqoaHJ0KukbW8Iwd/7MW0c=
-22,-9,egEgjaFwXVuQPL4zkm5+Q4brO8o=,lU/WkLqoaHJ0KukbW8Iwd/7MW0c=
-19,-11,egEgjaFwXVuQPL4zkm5+Q4brO8o=,lU/WkLqoaHJ0KukbW8Iwd/7MW0c=
-24,-9,egEgjaFwXVuQPL4zkm5+Q4brO8o=,lU/WkLqoaHJ0KukbW8Iwd/7MW0c=
-21,-11,egEgjaFwXVuQPL4zkm5+Q4brO8o=,lU/WkLqoaHJ0KukbW8Iwd/7MW0c=
-25,-13,egEgjaFwXVuQPL4zkm5+Q4brO8o=,+VHttRMLpqq9UgsWsUAcOxCcUHU=
-22,-8,egEgjaFwXVuQPL4zkm5+Q4brO8o=,KmY8a3W++r3058s3Lg0W2fHWDyw=
-21,-10,egEgjaFwXVuQPL4zkm5+Q4brO8o=,lU/WkLqoaHJ0KukbW8Iwd/7MW0c=
-19,-9,egEgjaFwXVuQPL4zkm5+Q4brO8o=,lU/WkLqoaHJ0KukbW8Iwd/7MW0c=
-18,-12,egEgjaFwXVuQPL4zkm5+Q4brO8o=,lU/WkLqoaHJ0KukbW8Iwd/7MW0c=
-19,-12,egEgjaFwXVuQPL4zkm5+Q4brO8o=,lU/WkLqoaHJ0KukbW8Iwd/7MW0c=
-18,-11,egEgjaFwXVuQPL4zkm5+Q4brO8o=,lU/WkLqoaHJ0KukbW8Iwd/7MW0c=
-25,-11,egEgjaFwXVuQPL4zkm5+Q4brO8o=,+VHttRMLpqq9UgsWsUAcOxCcUHU=
-24,-11,egEgjaFwXVuQPL4zkm5+Q4brO8o=,lU/WkLqoaHJ0KukbW8Iwd/7MW0c=
-25,-8,egEgjaFwXVuQPL4zkm5+Q4brO8o=,PaEfMpmswQp+6/MYwcV4RO26Uc8=
-22,-11,egEgjaFwXVuQPL4zkm5+Q4brO8o=,lU/WkLqoaHJ0KukbW8Iwd/7MW0c=
-25,-14,egEgjaFwXVuQPL4zkm5+Q4brO8o=,+VHttRMLpqq9UgsWsUAcOxCcUHU=
-23,-11,egEgjaFwXVuQPL4zkm5+Q4brO8o=,lU/WkLqoaHJ0KukbW8Iwd/7MW0c=
-22,-12,egEgjaFwXVuQPL4zkm5+Q4brO8o=,lU/WkLqoaHJ0KukbW8Iwd/7MW0c=
-20,-12,egEgjaFwXVuQPL4zkm5+Q4brO8o=,lU/WkLqoaHJ0KukbW8Iwd/7MW0c=
-25,-15,egEgjaFwXVuQPL4zkm5+Q4brO8o=,+VHttRMLpqq9UgsWsUAcOxCcUHU=
-24,-12,egEgjaFwXVuQPL4zkm5+Q4brO8o=,lU/WkLqoaHJ0KukbW8Iwd/7MW0c=
-18,-9,egEgjaFwXVuQPL4zkm5+Q4brO8o=,lU/WkLqoaHJ0KukbW8Iwd/7MW0c=
-21,-12,egEgjaFwXVuQPL4zkm5+Q4brO8o=,lU/WkLqoaHJ0KukbW8Iwd/7MW0c=
-18,-13,egEgjaFwXVuQPL4zkm5+Q4brO8o=,lU/WkLqoaHJ0KukbW8Iwd/7MW0c=
-19,-13,egEgjaFwXVuQPL4zkm5+Q4brO8o=,lU/WkLqoaHJ0KukbW8Iwd/7MW0c=
-23,-12,egEgjaFwXVuQPL4zkm5+Q4brO8o=,lU/WkLqoaHJ0KukbW8Iwd/7MW0c=
-22,-13,egEgjaFwXVuQPL4zkm5+Q4brO8o=,lU/WkLqoaHJ0KukbW8Iwd/7MW0c=
-20,-13,egEgjaFwXVuQPL4zkm5+Q4brO8o=,lU/WkLqoaHJ0KukbW8Iwd/7MW0c=
-18,-14,egEgjaFwXVuQPL4zkm5+Q4brO8o=,lU/WkLqoaHJ0KukbW8Iwd/7MW0c=
-21,-13,egEgjaFwXVuQPL4zkm5+Q4brO8o=,lU/WkLqoaHJ0KukbW8Iwd/7MW0c=
-24,-8,egEgjaFwXVuQPL4zkm5+Q4brO8o=,KmY8a3W++r3058s3Lg0W2fHWDyw=
-25,-9,egEgjaFwXVuQPL4zkm5+Q4brO8o=,+VHttRMLpqq9UgsWsUAcOxCcUHU=
-23,-13,egEgjaFwXVuQPL4zkm5+Q4brO8o=,lU/WkLqoaHJ0KukbW8Iwd/7MW0c=
-20,-14,egEgjaFwXVuQPL4zkm5+Q4brO8o=,lU/WkLqoaHJ0KukbW8Iwd/7MW0c=
-19,-14,egEgjaFwXVuQPL4zkm5+Q4brO8o=,lU/WkLqoaHJ0KukbW8Iwd/7MW0c=
-21,-14,egEgjaFwXVuQPL4zkm5+Q4brO8o=,lU/WkLqoaHJ0KukbW8Iwd/7MW0c=
-24,-13,egEgjaFwXVuQPL4zkm5+Q4brO8o=,lU/WkLqoaHJ0KukbW8Iwd/7MW0c=
-24,-15,egEgjaFwXVuQPL4zkm5+Q4brO8o=,lU/WkLqoaHJ0KukbW8Iwd/7MW0c=
-19,-15,egEgjaFwXVuQPL4zkm5+Q4brO8o=,lU/WkLqoaHJ0KukbW8Iwd/7MW0c=
-18,-15,egEgjaFwXVuQPL4zkm5+Q4brO8o=,lU/WkLqoaHJ0KukbW8Iwd/7MW0c=
-25,-10,egEgjaFwXVuQPL4zkm5+Q4brO8o=,+VHttRMLpqq9UgsWsUAcOxCcUHU=
-22,-14,egEgjaFwXVuQPL4zkm5+Q4brO8o=,lU/WkLqoaHJ0KukbW8Iwd/7MW0c=
-23,-15,egEgjaFwXVuQPL4zkm5+Q4brO8o=,lU/WkLqoaHJ0KukbW8Iwd/7MW0c=
-20,-8,egEgjaFwXVuQPL4zkm5+Q4brO8o=,KmY8a3W++r3058s3Lg0W2fHWDyw=
-18,-8,egEgjaFwXVuQPL4zkm5+Q4brO8o=,KmY8a3W++r3058s3Lg0W2fHWDyw=
-20,-15,egEgjaFwXVuQPL4zkm5+Q4brO8o=,lU/WkLqoaHJ0KukbW8Iwd/7MW0c=
-23,-14,egEgjaFwXVuQPL4zkm5+Q4brO8o=,lU/WkLqoaHJ0KukbW8Iwd/7MW0c=
-24,-14,egEgjaFwXVuQPL4zkm5+Q4brO8o=,lU/WkLqoaHJ0KukbW8Iwd/7MW0c=
-23,-8,egEgjaFwXVuQPL4zkm5+Q4brO8o=,KmY8a3W++r3058s3Lg0W2fHWDyw=
-22,-15,egEgjaFwXVuQPL4zkm5+Q4brO8o=,lU/WkLqoaHJ0KukbW8Iwd/7MW0c=
-21,-8,egEgjaFwXVuQPL4zkm5+Q4brO8o=,KmY8a3W++r3058s3Lg0W2fHWDyw=
-21,-15,egEgjaFwXVuQPL4zkm5+Q4brO8o=,lU/WkLqoaHJ0KukbW8Iwd/7MW0c=
-19,-8,egEgjaFwXVuQPL4zkm5+Q4brO8o=,KmY8a3W++r3058s3Lg0W2fHWDyw=
-29,-1,egEgjaFwXVuQPL4zkm5+Q4brO8o=,PaEfMpmswQp+6/MYwcV4RO26Uc8=
-31,-1,egEgjaFwXVuQPL4zkm5+Q4brO8o=,PaEfMpmswQp+6/MYwcV4RO26Uc8=
-27,-1,egEgjaFwXVuQPL4zkm5+Q4brO8o=,PaEfMpmswQp+6/MYwcV4RO26Uc8=
-28,-1,egEgjaFwXVuQPL4zkm5+Q4brO8o=,PaEfMpmswQp+6/MYwcV4RO26Uc8=
-30,-1,egEgjaFwXVuQPL4zkm5+Q4brO8o=,PaEfMpmswQp+6/MYwcV4RO26Uc8=
-25,-1,egEgjaFwXVuQPL4zkm5+Q4brO8o=,PaEfMpmswQp+6/MYwcV4RO26Uc8=
-26,-1,egEgjaFwXVuQPL4zkm5+Q4brO8o=,PaEfMpmswQp+6/MYwcV4RO26Uc8=
-23,-1,egEgjaFwXVuQPL4zkm5+Q4brO8o=,KmY8a3W++r3058s3Lg0W2fHWDyw=
-17,-10,egEgjaFwXVuQPL4zkm5+Q4brO8o=,lU/WkLqoaHJ0KukbW8Iwd/7MW0c=
-17,-15,egEgjaFwXVuQPL4zkm5+Q4brO8o=,lU/WkLqoaHJ0KukbW8Iwd/7MW0c=
-17,-11,egEgjaFwXVuQPL4zkm5+Q4brO8o=,lU/WkLqoaHJ0KukbW8Iwd/7MW0c=
-24,-1,egEgjaFwXVuQPL4zkm5+Q4brO8o=,KmY8a3W++r3058s3Lg0W2fHWDyw=
-19,-1,egEgjaFwXVuQPL4zkm5+Q4brO8o=,KmY8a3W++r3058s3Lg0W2fHWDyw=
-17,-12,egEgjaFwXVuQPL4zkm5+Q4brO8o=,lU/WkLqoaHJ0KukbW8Iwd/7MW0c=
-20,-1,egEgjaFwXVuQPL4zkm5+Q4brO8o=,KmY8a3W++r3058s3Lg0W2fHWDyw=
-17,-13,egEgjaFwXVuQPL4zkm5+Q4brO8o=,lU/WkLqoaHJ0KukbW8Iwd/7MW0c=
-21,-1,egEgjaFwXVuQPL4zkm5+Q4brO8o=,KmY8a3W++r3058s3Lg0W2fHWDyw=
-17,-9,egEgjaFwXVuQPL4zkm5+Q4brO8o=,lU/WkLqoaHJ0KukbW8Iwd/7MW0c=
-17,-4,egEgjaFwXVuQPL4zkm5+Q4brO8o=,KmY8a3W++r3058s3Lg0W2fHWDyw=
-22,-1,egEgjaFwXVuQPL4zkm5+Q4brO8o=,KmY8a3W++r3058s3Lg0W2fHWDyw=
-17,-5,egEgjaFwXVuQPL4zkm5+Q4brO8o=,KmY8a3W++r3058s3Lg0W2fHWDyw=
-18,-1,egEgjaFwXVuQPL4zkm5+Q4brO8o=,KmY8a3W++r3058s3Lg0W2fHWDyw=
-17,-6,egEgjaFwXVuQPL4zkm5+Q4brO8o=,KmY8a3W++r3058s3Lg0W2fHWDyw=
-17,-3,egEgjaFwXVuQPL4zkm5+Q4brO8o=,KmY8a3W++r3058s3Lg0W2fHWDyw=
-17,-14,egEgjaFwXVuQPL4zkm5+Q4brO8o=,lU/WkLqoaHJ0KukbW8Iwd/7MW0c=
-17,-2,egEgjaFwXVuQPL4zkm5+Q4brO8o=,KmY8a3W++r3058s3Lg0W2fHWDyw=
-17,-7,egEgjaFwXVuQPL4zkm5+Q4brO8o=,KmY8a3W++r3058s3Lg0W2fHWDyw=
-17,-8,egEgjaFwXVuQPL4zkm5+Q4brO8o=,KmY8a3W++r3058s3Lg0W2fHWDyw=
-32,-7,egEgjaFwXVuQPL4zkm5+Q4brO8o=,PaEfMpmswQp+6/MYwcV4RO26Uc8=
-32,-2,egEgjaFwXVuQPL4zkm5+Q4brO8o=,PaEfMpmswQp+6/MYwcV4RO26Uc8=
-32,-6,egEgjaFwXVuQPL4zkm5+Q4brO8o=,PaEfMpmswQp+6/MYwcV4RO26Uc8=
-20,-16,egEgjaFwXVuQPL4zkm5+Q4brO8o=,lU/WkLqoaHJ0KukbW8Iwd/7MW0c=
-32,-10,egEgjaFwXVuQPL4zkm5+Q4brO8o=,+VHttRMLpqq9UgsWsUAcOxCcUHU=
-32,-3,egEgjaFwXVuQPL4zkm5+Q4brO8o=,PaEfMpmswQp+6/MYwcV4RO26Uc8=
-18,-16,egEgjaFwXVuQPL4zkm5+Q4brO8o=,lU/WkLqoaHJ0KukbW8Iwd/7MW0c=
-32,-11,egEgjaFwXVuQPL4zkm5+Q4brO8o=,+VHttRMLpqq9UgsWsUAcOxCcUHU=
-19,-16,egEgjaFwXVuQPL4zkm5+Q4brO8o=,lU/WkLqoaHJ0KukbW8Iwd/7MW0c=
-32,-9,egEgjaFwXVuQPL4zkm5+Q4brO8o=,+VHttRMLpqq9UgsWsUAcOxCcUHU=
-31,-16,egEgjaFwXVuQPL4zkm5+Q4brO8o=,+VHttRMLpqq9UgsWsUAcOxCcUHU=
-32,-12,egEgjaFwXVuQPL4zkm5+Q4brO8o=,+VHttRMLpqq9UgsWsUAcOxCcUHU=
-29,-16,egEgjaFwXVuQPL4zkm5+Q4brO8o=,+VHttRMLpqq9UgsWsUAcOxCcUHU=
-32,-8,egEgjaFwXVuQPL4zkm5+Q4brO8o=,PaEfMpmswQp+6/MYwcV4RO26Uc8=
-25,-16,egEgjaFwXVuQPL4zkm5+Q4brO8o=,+VHttRMLpqq9UgsWsUAcOxCcUHU=
-32,-13,egEgjaFwXVuQPL4zkm5+Q4brO8o=,+VHttRMLpqq9UgsWsUAcOxCcUHU=
-32,-14,egEgjaFwXVuQPL4zkm5+Q4brO8o=,+VHttRMLpqq9UgsWsUAcOxCcUHU=
-32,-4,egEgjaFwXVuQPL4zkm5+Q4brO8o=,PaEfMpmswQp+6/MYwcV4RO26Uc8=
-32,-5,egEgjaFwXVuQPL4zkm5+Q4brO8o=,PaEfMpmswQp+6/MYwcV4RO26Uc8=
-21,-16,egEgjaFwXVuQPL4zkm5+Q4brO8o=,lU/WkLqoaHJ0KukbW8Iwd/7MW0c=
-32,-15,egEgjaFwXVuQPL4zkm5+Q4brO8o=,+VHttRMLpqq9UgsWsUAcOxCcUHU=
-28,-16,egEgjaFwXVuQPL4zkm5+Q4brO8o=,+VHttRMLpqq9UgsWsUAcOxCcUHU=
-30,-16,egEgjaFwXVuQPL4zkm5+Q4brO8o=,+VHttRMLpqq9UgsWsUAcOxCcUHU=
-27,-16,egEgjaFwXVuQPL4zkm5+Q4brO8o=,+VHttRMLpqq9UgsWsUAcOxCcUHU=
-22,-16,egEgjaFwXVuQPL4zkm5+Q4brO8o=,lU/WkLqoaHJ0KukbW8Iwd/7MW0c=
-23,-16,egEgjaFwXVuQPL4zkm5+Q4brO8o=,lU/WkLqoaHJ0KukbW8Iwd/7MW0c=
-26,-16,egEgjaFwXVuQPL4zkm5+Q4brO8o=,+VHttRMLpqq9UgsWsUAcOxCcUHU=
-24,-16,egEgjaFwXVuQPL4zkm5+Q4brO8o=,lU/WkLqoaHJ0KukbW8Iwd/7MW0c=
-32,-16,egEgjaFwXVuQPL4zkm5+Q4brO8o=,+VHttRMLpqq9UgsWsUAcOxCcUHU=
-32,-1,egEgjaFwXVuQPL4zkm5+Q4brO8o=,PaEfMpmswQp+6/MYwcV4RO26Uc8=
-17,-1,egEgjaFwXVuQPL4zkm5+Q4brO8o=,KmY8a3W++r3058s3Lg0W2fHWDyw=
-17,-16,egEgjaFwXVuQPL4zkm5+Q4brO8o=,lU/WkLqoaHJ0KukbW8Iwd/7MW0c=
