12,9,Qm5lbtf3MJwE5nUzP0lo5FPombg=,2X1AXIeM6hf5H27rs4FwwE9kipc=
11,10,Qm5lbtf3MJwE5nUzP0lo5FPombg=,2X1AXIeM6hf5H27rs4FwwE9kipc=
11,9,Qm5lbtf3MJwE5nUzP0lo5FPombg=,2X1AXIeM6hf5H27rs4FwwE9kipc=
10,10,Qm5lbtf3MJwE5nUzP0lo5FPombg=,2X1AXIeM6hf5H27rs4FwwE9kipc=
12,5,Qm5lbtf3MJwE5nUzP0lo5FPombg=,Q1H5XndmvyJNCEqzcWz9RuTwG1c=
9,12,Qm5lbtf3MJwE5nUzP0lo5FPombg=,2X1AXIeM6hf5H27rs4FwwE9kipc=
13,5,Qm5lbtf3MJwE5nUzP0lo5FPombg=,Q1H5XndmvyJNCEqzcWz9RuTwG1c=
10,9,Qm5lbtf3MJwE5nUzP0lo5FPombg=,2X1AXIeM6hf5H27rs4FwwE9kipc=
14,9,Qm5lbtf3MJwE5nUzP0lo5FPombg=,2X1AXIeM6hf5H27rs4FwwE9kipc=
14,14,Qm5lbtf3MJwE5nUzP0lo5FPombg=,2X1AXIeM6hf5H27rs4FwwE9kipc=
9,10,Qm5lbtf3MJwE5nUzP0lo5FPombg=,2X1AXIeM6hf5H27rs4FwwE9kipc=
11,12,Qm5lbtf3MJwE5nUzP0lo5FPombg=,2X1AXIeM6hf5H27rs4FwwE9kipc=
9,9,Qm5lbtf3MJwE5nUzP0lo5FPombg=,2X1AXIeM6hf5H27rs4FwwE9kipc=
10,12,Qm5lbtf3MJwE5nUzP0lo5FPombg=,2X1AXIeM6hf5H27rs4FwwE9kipc=
13,14,Qm5lbtf3MJwE5nUzP0lo5FPombg=,2X1AXIeM6hf5H27rs4FwwE9kipc=
12,14,Qm5lbtf3MJwE5nUzP0lo5FPombg=,2X1AXIeM6hf5H27rs4FwwE9kipc=
12,11,Qm5lbtf3MJwE5nUzP0lo5FPombg=,2X1AXIeM6hf5H27rs4FwwE9kipc=
13,11,Qm5lbtf3MJwE5nUzP0lo5FPombg=,2X1AXIeM6hf5H27rs4FwwE9kipc=
11,5,Qm5lbtf3MJwE5nUzP0lo5FPombg=,Q1H5XndmvyJNCEqzcWz9RuTwG1c=
11,14,Qm5lbtf3MJwE5nUzP0lo5FPombg=,2X1AXIeM6hf5H27rs4FwwE9kipc=
11,11,Qm5lbtf3MJwE5nUzP0lo5FPombg=,2X1AXIeM6hf5H27rs4FwwE9kipc=
10,11,Qm5lbtf3MJwE5nUzP0lo5FPombg=,2X1AXIeM6hf5H27rs4FwwE9kipc=
11,13,Qm5lbtf3MJwE5nUzP0lo5FPombg=,2X1AXIeM6hf5H27rs4FwwE9kipc=
12,3,Qm5lbtf3MJwE5nUzP0lo5FPombg=,Q1H5XndmvyJNCEqzcWz9RuTwG1c=
14,12,Qm5lbtf3MJwE5nUzP0lo5FPombg=,2X1AXIeM6hf5H27rs4FwwE9kipc=
10,14,Qm5lbtf3MJwE5nUzP0lo5FPombg=,2X1AXIeM6hf5H27rs4FwwE9kipc=
14,11,Qm5lbtf3MJwE5nUzP0lo5FPombg=,2X1AXIeM6hf5H27rs4FwwE9kipc=
14,13,Qm5lbtf3MJwE5nUzP0lo5FPombg=,2X1AXIeM6hf5H27rs4FwwE9kipc=
9,13,Qm5lbtf3MJwE5nUzP0lo5FPombg=,2X1AXIeM6hf5H27rs4FwwE9kipc=
10,13,Qm5lbtf3MJwE5nUzP0lo5FPombg=,2X1AXIeM6hf5H27rs4FwwE9kipc=
13,13,Qm5lbtf3MJwE5nUzP0lo5FPombg=,2X1AXIeM6hf5H27rs4FwwE9kipc=
9,14,Qm5lbtf3MJwE5nUzP0lo5FPombg=,2X1AXIeM6hf5H27rs4FwwE9kipc=
11,7,Qm5lbtf3MJwE5nUzP0lo5FPombg=,Q1H5XndmvyJNCEqzcWz9RuTwG1c=
12,10,Qm5lbtf3MJwE5nUzP0lo5FPombg=,2X1AXIeM6hf5H27rs4FwwE9kipc=
13,9,Qm5lbtf3MJwE5nUzP0lo5FPombg=,2X1AXIeM6hf5H27rs4FwwE9kipc=
13,12,Qm5lbtf3MJwE5nUzP0lo5FPombg=,2X1AXIeM6hf5H27rs4FwwE9kipc=
14,10,Qm5lbtf3MJwE5nUzP0lo5FPombg=,2X1AXIeM6hf5H27rs4FwwE9kipc=
10,5,Qm5lbtf3MJwE5nUzP0lo5FPombg=,Q1H5XndmvyJNCEqzcWz9RuTwG1c=
13,10,Qm5lbtf3MJwE5nUzP0lo5FPombg=,2X1AXIeM6hf5H27rs4FwwE9kipc=
14,7,Qm5lbtf3MJwE5nUzP0lo5FPombg=,Q1H5XndmvyJNCEqzcWz9RuTwG1c=
12,12,Qm5lbtf3MJwE5nUzP0lo5FPombg=,2X1AXIeM6hf5H27rs4FwwE9kipc=
9,11,Qm5lbtf3MJwE5nUzP0lo5FPombg=,2X1AXIeM6hf5H27rs4FwwE9kipc=
11,2,Qm5lbtf3MJwE5nUzP0lo5FPombg=,Q1H5XndmvyJNCEqzcWz9RuTwG1c=
12,2,Qm5lbtf3MJwE5nUzP0lo5FPombg=,Q1H5XndmvyJNCEqzcWz9RuTwG1c=
9,2,Qm5lbtf3MJwE5nUzP0lo5FPombg=,Q1H5XndmvyJNCEqzcWz9RuTwG1c=
10,7,Qm5lbtf3MJwE5nUzP0lo5FPombg=,Q1H5XndmvyJNCEqzcWz9RuTwG1c=
11,6,Qm5lbtf3MJwE5nUzP0lo5FPombg=,Q1H5XndmvyJNCEqzcWz9RuTwG1c=
10,2,Qm5lbtf3MJwE5nUzP0lo5FPombg=,Q1H5XndmvyJNCEqzcWz9RuTwG1c=
12,13,Qm5lbtf3MJwE5nUzP0lo5FPombg=,2X1AXIeM6hf5H27rs4FwwE9kipc=
10,6,Qm5lbtf3MJwE5nUzP0lo5FPombg=,Q1H5XndmvyJNCEqzcWz9RuTwG1c=
14,8,Qm5lbtf3MJwE5nUzP0lo5FPombg=,2X1AXIeM6hf5H27rs4FwwE9kipc=
14,1,Qm5lbtf3MJwE5nUzP0lo5FPombg=,Q1H5XndmvyJNCEqzcWz9RuTwG1c=
11,3,Qm5lbtf3MJwE5nUzP0lo5FPombg=,Q1H5XndmvyJNCEqzcWz9RuTwG1c=
13,7,Qm5lbtf3MJwE5nUzP0lo5FPombg=,Q1H5XndmvyJNCEqzcWz9RuTwG1c=
9,7,Qm5lbtf3MJwE5nUzP0lo5FPombg=,Q1H5XndmvyJNCEqzcWz9RuTwG1c=
9,3,Qm5lbtf3MJwE5nUzP0lo5FPombg=,Q1H5XndmvyJNCEqzcWz9RuTwG1c=
13,8,Qm5lbtf3MJwE5nUzP0lo5FPombg=,2X1AXIeM6hf5H27rs4FwwE9kipc=
13,3,Qm5lbtf3MJwE5nUzP0lo5FPombg=,Q1H5XndmvyJNCEqzcWz9RuTwG1c=
13,1,Qm5lbtf3MJwE5nUzP0lo5FPombg=,Q1H5XndmvyJNCEqzcWz9RuTwG1c=
11,8,Qm5lbtf3MJwE5nUzP0lo5FPombg=,2X1AXIeM6hf5H27rs4FwwE9kipc=
12,1,Qm5lbtf3MJwE5nUzP0lo5FPombg=,Q1H5XndmvyJNCEqzcWz9RuTwG1c=
10,3,Qm5lbtf3MJwE5nUzP0lo5FPombg=,Q1H5XndmvyJNCEqzcWz9RuTwG1c=
14,6,Qm5lbtf3MJwE5nUzP0lo5FPombg=,Q1H5XndmvyJNCEqzcWz9RuTwG1c=
10,8,Qm5lbtf3MJwE5nUzP0lo5FPombg=,2X1AXIeM6hf5H27rs4FwwE9kipc=
12,8,Qm5lbtf3MJwE5nUzP0lo5FPombg=,2X1AXIeM6hf5H27rs4FwwE9kipc=
13,6,Qm5lbtf3MJwE5nUzP0lo5FPombg=,Q1H5XndmvyJNCEqzcWz9RuTwG1c=
9,5,Qm5lbtf3MJwE5nUzP0lo5FPombg=,Q1H5XndmvyJNCEqzcWz9RuTwG1c=
11,1,Qm5lbtf3MJwE5nUzP0lo5FPombg=,Q1H5XndmvyJNCEqzcWz9RuTwG1c=
12,7,Qm5lbtf3MJwE5nUzP0lo5FPombg=,Q1H5XndmvyJNCEqzcWz9RuTwG1c=
14,5,Qm5lbtf3MJwE5nUzP0lo5FPombg=,Q1H5XndmvyJNCEqzcWz9RuTwG1c=
9,6,Qm5lbtf3MJwE5nUzP0lo5FPombg=,Q1H5XndmvyJNCEqzcWz9RuTwG1c=
14,4,Qm5lbtf3MJwE5nUzP0lo5FPombg=,Q1H5XndmvyJNCEqzcWz9RuTwG1c=
13,4,Qm5lbtf3MJwE5nUzP0lo5FPombg=,Q1H5XndmvyJNCEqzcWz9RuTwG1c=
10,1,Qm5lbtf3MJwE5nUzP0lo5FPombg=,Q1H5XndmvyJNCEqzcWz9RuTwG1c=
14,2,Qm5lbtf3MJwE5nUzP0lo5FPombg=,Q1H5XndmvyJNCEqzcWz9RuTwG1c=
12,6,Qm5lbtf3MJwE5nUzP0lo5FPombg=,Q1H5XndmvyJNCEqzcWz9RuTwG1c=
11,4,Qm5lbtf3MJwE5nUzP0lo5FPombg=,Q1H5XndmvyJNCEqzcWz9RuTwG1c=
12,4,Qm5lbtf3MJwE5nUzP0lo5FPombg=,Q1H5XndmvyJNCEqzcWz9RuTwG1c=
9,1,Qm5lbtf3MJwE5nUzP0lo5FPombg=,Q1H5XndmvyJNCEqzcWz9RuTwG1c=
14,3,Qm5lbtf3MJwE5nUzP0lo5FPombg=,Q1H5XndmvyJNCEqzcWz9RuTwG1c=
10,4,Qm5lbtf3MJwE5nUzP0lo5FPombg=,Q1H5XndmvyJNCEqzcWz9RuTwG1c=
9,8,Qm5lbtf3MJwE5nUzP0lo5FPombg=,2X1AXIeM6hf5H27rs4FwwE9kipc=
13,2,Qm5lbtf3MJwE5nUzP0lo5FPombg=,Q1H5XndmvyJNCEqzcWz9RuTwG1c=
9,4,Qm5lbtf3MJwE5nUzP0lo5FPombg=,Q1H5XndmvyJNCEqzcWz9RuTwG1c=
3,14,Qm5lbtf3MJwE5nUzP0lo5FPombg=,vcYuyn8c0hRMMej4aEGqoab/qJ8=
2,14,Qm5lbtf3MJwE5nUzP0lo5FPombg=,vcYuyn8c0hRMMej4aEGqoab/qJ8=
4,14,Qm5lbtf3MJwE5nUzP0lo5FPombg=,vcYuyn8c0hRMMej4aEGqoab/qJ8=
1,14,Qm5lbtf3MJwE5nUzP0lo5FPombg=,vcYuyn8c0hRMMej4aEGqoab/qJ8=
6,13,Qm5lbtf3MJwE5nUzP0lo5FPombg=,vcYuyn8c0hRMMej4aEGqoab/qJ8=
2,13,Qm5lbtf3MJwE5nUzP0lo5FPombg=,vcYuyn8c0hRMMej4aEGqoab/qJ8=
7,13,Qm5lbtf3MJwE5nUzP0lo5FPombg=,vcYuyn8c0hRMMej4aEGqoab/qJ8=
5,13,Qm5lbtf3MJwE5nUzP0lo5FPombg=,vcYuyn8c0hRMMej4aEGqoab/qJ8=
2,9,Qm5lbtf3MJwE5nUzP0lo5FPombg=,vcYuyn8c0hRMMej4aEGqoab/qJ8=
3,13,Qm5lbtf3MJwE5nUzP0lo5FPombg=,vcYuyn8c0hRMMej4aEGqoab/qJ8=
1,13,Qm5lbtf3MJwE5nUzP0lo5FPombg=,vcYuyn8c0hRMMej4aEGqoab/qJ8=
4,11,Qm5lbtf3MJwE5nUzP0lo5FPombg=,vcYuyn8c0hRMMej4aEGqoab/qJ8=
4,13,Qm5lbtf3MJwE5nUzP0lo5FPombg=,vcYuyn8c0hRMMej4aEGqoab/qJ8=
3,11,Qm5lbtf3MJwE5nUzP0lo5FPombg=,vcYuyn8c0hRMMej4aEGqoab/qJ8=
3,9,Qm5lbtf3MJwE5nUzP0lo5FPombg=,vcYuyn8c0hRMMej4aEGqoab/qJ8=
2,11,Qm5lbtf3MJwE5nUzP0lo5FPombg=,vcYuyn8c0hRMMej4aEGqoab/qJ8=
8,10,Qm5lbtf3MJwE5nUzP0lo5FPombg=,2X1AXIeM6hf5H27rs4FwwE9kipc=
5,12,Qm5lbtf3MJwE5nUzP0lo5FPombg=,vcYuyn8c0hRMMej4aEGqoab/qJ8=
5,11,Qm5lbtf3MJwE5nUzP0lo5FPombg=,vcYuyn8c0hRMMej4aEGqoab/qJ8=
7,12,Qm5lbtf3MJwE5nUzP0lo5FPombg=,vcYuyn8c0hRMMej4aEGqoab/qJ8=
1,9,Qm5lbtf3MJwE5nUzP0lo5FPombg=,vcYuyn8c0hRMMej4aEGqoab/qJ8=
8,12,Qm5lbtf3MJwE5nUzP0lo5FPombg=,2X1AXIeM6hf5H27rs4FwwE9kipc=
6,10,Qm5lbtf3MJwE5nUzP0lo5FPombg=,vcYuyn8c0hRMMej4aEGqoab/qJ8=
8,9,Qm5lbtf3MJwE5nUzP0lo5FPombg=,2X1AXIeM6hf5H27rs4FwwE9kipc=
7,10,Qm5lbtf3MJwE5nUzP0lo5FPombg=,vcYuyn8c0hRMMej4aEGqoab/qJ8=
6,12,Qm5lbtf3MJwE5nUzP0lo5FPombg=,vcYuyn8c0hRMMej4aEGqoab/qJ8=
5,10,Qm5lbtf3MJwE5nUzP0lo5FPombg=,vcYuyn8c0hRMMej4aEGqoab/qJ8=
1,11,Qm5lbtf3MJwE5nUzP0lo5FPombg=,vcYuyn8c0hRMMej4aEGqoab/qJ8=
6,11,Qm5lbtf3MJwE5nUzP0lo5FPombg=,vcYuyn8c0hRMMej4aEGqoab/qJ8=
7,9,Qm5lbtf3MJwE5nUzP0lo5FPombg=,vcYuyn8c0hRMMej4aEGqoab/qJ8=
8,13,Qm5lbtf3MJwE5nUzP0lo5FPombg=,2X1AXIeM6hf5H27rs4FwwE9kipc=
3,12,Qm5lbtf3MJwE5nUzP0lo5FPombg=,vcYuyn8c0hRMMej4aEGqoab/qJ8=
4,12,Qm5lbtf3MJwE5nUzP0lo5FPombg=,vcYuyn8c0hRMMej4aEGqoab/qJ8=
7,14,Qm5lbtf3MJwE5nUzP0lo5FPombg=,vcYuyn8c0hRMMej4aEGqoab/qJ8=
2,10,Qm5lbtf3MJwE5nUzP0lo5FPombg=,vcYuyn8c0hRMMej4aEGqoab/qJ8=
6,9,Qm5lbtf3MJwE5nUzP0lo5FPombg=,vcYuyn8c0hRMMej4aEGqoab/qJ8=
6,14,Qm5lbtf3MJwE5nUzP0lo5FPombg=,vcYuyn8c0hRMMej4aEGqoab/qJ8=
1,10,Qm5lbtf3MJwE5nUzP0lo5FPombg=,vcYuyn8c0hRMMej4aEGqoab/qJ8=
2,12,Qm5lbtf3MJwE5nUzP0lo5FPombg=,vcYuyn8c0hRMMej4aEGqoab/qJ8=
5,14,Qm5lbtf3MJwE5nUzP0lo5FPombg=,vcYuyn8c0hRMMej4aEGqoab/qJ8=
4,10,Qm5lbtf3MJwE5nUzP0lo5FPombg=,vcYuyn8c0hRMMej4aEGqoab/qJ8=
8,14,Qm5lbtf3MJwE5nUzP0lo5FPombg=,2X1AXIeM6hf5H27rs4FwwE9kipc=
5,9,Qm5lbtf3MJwE5nUzP0lo5FPombg=,vcYuyn8c0hRMMej4aEGqoab/qJ8=
8,11,Qm5lbtf3MJwE5nUzP0lo5FPombg=,2X1AXIeM6hf5H27rs4FwwE9kipc=
7,11,Qm5lbtf3MJwE5nUzP0lo5FPombg=,vcYuyn8c0hRMMej4aEGqoab/qJ8=
3,10,Qm5lbtf3MJwE5nUzP0lo5FPombg=,vcYuyn8c0hRMMej4aEGqoab/qJ8=
4,9,Qm5lbtf3MJwE5nUzP0lo5FPombg=,vcYuyn8c0hRMMej4aEGqoab/qJ8=
1,12,Qm5lbtf3MJwE5nUzP0lo5FPombg=,vcYuyn8c0hRMMej4aEGqoab/qJ8=
7,6,tQA0WYamPc7g5Fjmnmu/8pg/Ahk=,2es6717H/e4aocu7o04luI+OXb0=
7,5,tQA0WYamPc7g5Fjmnmu/8pg/Ahk=,2es6717H/e4aocu7o04luI+OXb0=
5,3,tQA0WYamPc7g5Fjmnmu/8pg/Ahk=,2es6717H/e4aocu7o04luI+OXb0=
6,2,tQA0WYamPc7g5Fjmnmu/8pg/Ahk=,2es6717H/e4aocu7o04luI+OXb0=
6,1,tQA0WYamPc7g5Fjmnmu/8pg/Ahk=,2es6717H/e4aocu7o04luI+OXb0=
8,2,Qm5lbtf3MJwE5nUzP0lo5FPombg=,Q1H5XndmvyJNCEqzcWz9RuTwG1c=
7,1,tQA0WYamPc7g5Fjmnmu/8pg/Ahk=,2es6717H/e4aocu7o04luI+OXb0=
7,3,tQA0WYamPc7g5Fjmnmu/8pg/Ahk=,2es6717H/e4aocu7o04luI+OXb0=
3,6,tQA0WYamPc7g5Fjmnmu/8pg/Ahk=,2es6717H/e4aocu7o04luI+OXb0=
1,3,tQA0WYamPc7g5Fjmnmu/8pg/Ahk=,2es6717H/e4aocu7o04luI+OXb0=
3,1,tQA0WYamPc7g5Fjmnmu/8pg/Ahk=,2es6717H/e4aocu7o04luI+OXb0=
3,4,tQA0WYamPc7g5Fjmnmu/8pg/Ahk=,2es6717H/e4aocu7o04luI+OXb0=
7,4,tQA0WYamPc7g5Fjmnmu/8pg/Ahk=,2es6717H/e4aocu7o04luI+OXb0=
1,2,tQA0WYamPc7g5Fjmnmu/8pg/Ahk=,2es6717H/e4aocu7o04luI+OXb0=
3,7,tQA0WYamPc7g5Fjmnmu/8pg/Ahk=,2es6717H/e4aocu7o04luI+OXb0=
4,3,tQA0WYamPc7g5Fjmnmu/8pg/Ahk=,2es6717H/e4aocu7o04luI+OXb0=
3,3,tQA0WYamPc7g5Fjmnmu/8pg/Ahk=,2es6717H/e4aocu7o04luI+OXb0=
2,7,tQA0WYamPc7g5Fjmnmu/8pg/Ahk=,2es6717H/e4aocu7o04luI+OXb0=
2,6,tQA0WYamPc7g5Fjmnmu/8pg/Ahk=,2es6717H/e4aocu7o04luI+OXb0=
7,8,Qm5lbtf3MJwE5nUzP0lo5FPombg=,vcYuyn8c0hRMMej4aEGqoab/qJ8=
8,7,Qm5lbtf3MJwE5nUzP0lo5FPombg=,Q1H5XndmvyJNCEqzcWz9RuTwG1c=
6,4,tQA0WYamPc7g5Fjmnmu/8pg/Ahk=,2es6717H/e4aocu7o04luI+OXb0=
2,3,tQA0WYamPc7g5Fjmnmu/8pg/Ahk=,2es6717H/e4aocu7o04luI+OXb0=
1,4,tQA0WYamPc7g5Fjmnmu/8pg/Ahk=,2es6717H/e4aocu7o04luI+OXb0=
5,8,Qm5lbtf3MJwE5nUzP0lo5FPombg=,vcYuyn8c0hRMMej4aEGqoab/qJ8=
6,8,Qm5lbtf3MJwE5nUzP0lo5FPombg=,vcYuyn8c0hRMMej4aEGqoab/qJ8=
6,5,tQA0WYamPc7g5Fjmnmu/8pg/Ahk=,2es6717H/e4aocu7o04luI+OXb0=
1,6,tQA0WYamPc7g5Fjmnmu/8pg/Ahk=,2es6717H/e4aocu7o04luI+OXb0=
5,4,tQA0WYamPc7g5Fjmnmu/8pg/Ahk=,2es6717H/e4aocu7o04luI+OXb0=
3,5,tQA0WYamPc7g5Fjmnmu/8pg/Ahk=,2es6717H/e4aocu7o04luI+OXb0=
2,5,tQA0WYamPc7g5Fjmnmu/8pg/Ahk=,2es6717H/e4aocu7o04luI+OXb0=
4,8,Qm5lbtf3MJwE5nUzP0lo5FPombg=,vcYuyn8c0hRMMej4aEGqoab/qJ8=
2,1,tQA0WYamPc7g5Fjmnmu/8pg/Ahk=,2es6717H/e4aocu7o04luI+OXb0=
5,5,tQA0WYamPc7g5Fjmnmu/8pg/Ahk=,2es6717H/e4aocu7o04luI+OXb0=
4,5,tQA0WYamPc7g5Fjmnmu/8pg/Ahk=,2es6717H/e4aocu7o04luI+OXb0=
5,2,tQA0WYamPc7g5Fjmnmu/8pg/Ahk=,2es6717H/e4aocu7o04luI+OXb0=
5,6,tQA0WYamPc7g5Fjmnmu/8pg/Ahk=,2es6717H/e4aocu7o04luI+OXb0=
8,3,Qm5lbtf3MJwE5nUzP0lo5FPombg=,Q1H5XndmvyJNCEqzcWz9RuTwG1c=
8,1,Qm5lbtf3MJwE5nUzP0lo5FPombg=,Q1H5XndmvyJNCEqzcWz9RuTwG1c=
8,6,Qm5lbtf3MJwE5nUzP0lo5FPombg=,Q1H5XndmvyJNCEqzcWz9RuTwG1c=
6,6,tQA0WYamPc7g5Fjmnmu/8pg/Ahk=,2es6717H/e4aocu7o04luI+OXb0=
1,5,tQA0WYamPc7g5Fjmnmu/8pg/Ahk=,2es6717H/e4aocu7o04luI+OXb0=
1,7,tQA0WYamPc7g5Fjmnmu/8pg/Ahk=,2es6717H/e4aocu7o04luI+OXb0=
8,5,Qm5lbtf3MJwE5nUzP0lo5FPombg=,Q1H5XndmvyJNCEqzcWz9RuTwG1c=
7,7,tQA0WYamPc7g5Fjmnmu/8pg/Ahk=,2es6717H/e4aocu7o04luI+OXb0=
2,4,tQA0WYamPc7g5Fjmnmu/8pg/Ahk=,2es6717H/e4aocu7o04luI+OXb0=
5,1,tQA0WYamPc7g5Fjmnmu/8pg/Ahk=,2es6717H/e4aocu7o04luI+OXb0=
6,7,tQA0WYamPc7g5Fjmnmu/8pg/Ahk=,2es6717H/e4aocu7o04luI+OXb0=
2,8,Qm5lbtf3MJwE5nUzP0lo5FPombg=,vcYuyn8c0hRMMej4aEGqoab/qJ8=
6,3,tQA0WYamPc7g5Fjmnmu/8pg/Ahk=,2es6717H/e4aocu7o04luI+OXb0=
4,4,tQA0WYamPc7g5Fjmnmu/8pg/Ahk=,2es6717H/e4aocu7o04luI+OXb0=
2,2,tQA0WYamPc7g5Fjmnmu/8pg/Ahk=,2es6717H/e4aocu7o04luI+OXb0=
4,7,tQA0WYamPc7g5Fjmnmu/8pg/Ahk=,2es6717H/e4aocu7o04luI+OXb0=
3,2,tQA0WYamPc7g5Fjmnmu/8pg/Ahk=,2es6717H/e4aocu7o04luI+OXb0=
4,2,tQA0WYamPc7g5Fjmnmu/8pg/Ahk=,2es6717H/e4aocu7o04luI+OXb0=
8,8,Qm5lbtf3MJwE5nUzP0lo5FPombg=,2X1AXIeM6hf5H27rs4FwwE9kipc=
4,6,tQA0WYamPc7g5Fjmnmu/8pg/Ahk=,2es6717H/e4aocu7o04luI+OXb0=
3,8,Qm5lbtf3MJwE5nUzP0lo5FPombg=,vcYuyn8c0hRMMej4aEGqoab/qJ8=
8,4,Qm5lbtf3MJwE5nUzP0lo5FPombg=,Q1H5XndmvyJNCEqzcWz9RuTwG1c=
5,7,tQA0WYamPc7g5Fjmnmu/8pg/Ahk=,2es6717H/e4aocu7o04luI+OXb0=
1,8,Qm5lbtf3MJwE5nUzP0lo5FPombg=,vcYuyn8c0hRMMej4aEGqoab/qJ8=
7,2,tQA0WYamPc7g5Fjmnmu/8pg/Ahk=,2es6717H/e4aocu7o04luI+OXb0=
4,1,tQA0WYamPc7g5Fjmnmu/8pg/Ahk=,2es6717H/e4aocu7o04luI+OXb0=
1,1,tQA0WYamPc7g5Fjmnmu/8pg/Ahk=,2es6717H/e4aocu7o04luI+OXb0=
3,15,Qm5lbtf3MJwE5nUzP0lo5FPombg=,vcYuyn8c0hRMMej4aEGqoab/qJ8=
2,15,Qm5lbtf3MJwE5nUzP0lo5FPombg=,vcYuyn8c0hRMMej4aEGqoab/qJ8=
4,15,Qm5lbtf3MJwE5nUzP0lo5FPombg=,vcYuyn8c0hRMMej4aEGqoab/qJ8=
1,15,Qm5lbtf3MJwE5nUzP0lo5FPombg=,vcYuyn8c0hRMMej4aEGqoab/qJ8=
5,15,Qm5lbtf3MJwE5nUzP0lo5FPombg=,vcYuyn8c0hRMMej4aEGqoab/qJ8=
11,15,Qm5lbtf3MJwE5nUzP0lo5FPombg=,2X1AXIeM6hf5H27rs4FwwE9kipc=
8,15,Qm5lbtf3MJwE5nUzP0lo5FPombg=,2X1AXIeM6hf5H27rs4FwwE9kipc=
12,15,Qm5lbtf3MJwE5nUzP0lo5FPombg=,2X1AXIeM6hf5H27rs4FwwE9kipc=
6,15,Qm5lbtf3MJwE5nUzP0lo5FPombg=,vcYuyn8c0hRMMej4aEGqoab/qJ8=
7,15,Qm5lbtf3MJwE5nUzP0lo5FPombg=,vcYuyn8c0hRMMej4aEGqoab/qJ8=
10,15,Qm5lbtf3MJwE5nUzP0lo5FPombg=,2X1AXIeM6hf5H27rs4FwwE9kipc=
0,14,Qm5lbtf3MJwE5nUzP0lo5FPombg=,vcYuyn8c0hRMMej4aEGqoab/qJ8=
9,15,Qm5lbtf3MJwE5nUzP0lo5FPombg=,2X1AXIeM6hf5H27rs4FwwE9kipc=
0,13,Qm5lbtf3MJwE5nUzP0lo5FPombg=,vcYuyn8c0hRMMej4aEGqoab/qJ8=
14,15,Qm5lbtf3MJwE5nUzP0lo5FPombg=,2X1AXIeM6hf5H27rs4FwwE9kipc=
0,12,Qm5lbtf3MJwE5nUzP0lo5FPombg=,vcYuyn8c0hRMMej4aEGqoab/qJ8=
13,15,Qm5lbtf3MJwE5nUzP0lo5FPombg=,2X1AXIeM6hf5H27rs4FwwE9kipc=
0,10,Qm5lbtf3MJwE5nUzP0lo5FPombg=,vcYuyn8c0hRMMej4aEGqoab/qJ8=
0,11,Qm5lbtf3MJwE5nUzP0lo5FPombg=,vcYuyn8c0hRMMej4aEGqoab/qJ8=
0,6,tQA0WYamPc7g5Fjmnmu/8pg/Ahk=,2es6717H/e4aocu7o04luI+OXb0=
0,9,Qm5lbtf3MJwE5nUzP0lo5FPombg=,vcYuyn8c0hRMMej4aEGqoab/qJ8=
0,4,tQA0WYamPc7g5Fjmnmu/8pg/Ahk=,2es6717H/e4aocu7o04luI+OXb0=
0,8,Qm5lbtf3MJwE5nUzP0lo5FPombg=,vcYuyn8c0hRMMej4aEGqoab/qJ8=
0,5,tQA0WYamPc7g5Fjmnmu/8pg/Ahk=,2es6717H/e4aocu7o04luI+OXb0=
0,3,tQA0WYamPc7g5Fjmnmu/8pg/Ahk=,2es6717H/e4aocu7o04luI+OXb0=
0,1,tQA0WYamPc7g5Fjmnmu/8pg/Ahk=,2es6717H/e4aocu7o04luI+OXb0=
0,7,tQA0WYamPc7g5Fjmnmu/8pg/Ahk=,2es6717H/e4aocu7o04luI+OXb0=
0,2,tQA0WYamPc7g5Fjmnmu/8pg/Ahk=,2es6717H/e4aocu7o04luI+OXb0=
15,4,FB/n3iyaBaFWq8GYGghYNCIuqI0=,Q1H5XndmvyJNCEqzcWz9RuTwG1c=
15,5,FB/n3iyaBaFWq8GYGghYNCIuqI0=,Q1H5XndmvyJNCEqzcWz9RuTwG1c=
15,10,FB/n3iyaBaFWq8GYGghYNCIuqI0=,2X1AXIeM6hf5H27rs4FwwE9kipc=
15,2,FB/n3iyaBaFWq8GYGghYNCIuqI0=,Q1H5XndmvyJNCEqzcWz9RuTwG1c=
15,6,FB/n3iyaBaFWq8GYGghYNCIuqI0=,Q1H5XndmvyJNCEqzcWz9RuTwG1c=
15,3,FB/n3iyaBaFWq8GYGghYNCIuqI0=,Q1H5XndmvyJNCEqzcWz9RuTwG1c=
15,13,FB/n3iyaBaFWq8GYGghYNCIuqI0=,2X1AXIeM6hf5H27rs4FwwE9kipc=
15,1,FB/n3iyaBaFWq8GYGghYNCIuqI0=,Q1H5XndmvyJNCEqzcWz9RuTwG1c=
15,9,FB/n3iyaBaFWq8GYGghYNCIuqI0=,2X1AXIeM6hf5H27rs4FwwE9kipc=
15,7,FB/n3iyaBaFWq8GYGghYNCIuqI0=,Q1H5XndmvyJNCEqzcWz9RuTwG1c=
15,8,FB/n3iyaBaFWq8GYGghYNCIuqI0=,2X1AXIeM6hf5H27rs4FwwE9kipc=
15,11,FB/n3iyaBaFWq8GYGghYNCIuqI0=,2X1AXIeM6hf5H27rs4FwwE9kipc=
15,12,FB/n3iyaBaFWq8GYGghYNCIuqI0=,2X1AXIeM6hf5H27rs4FwwE9kipc=
15,14,FB/n3iyaBaFWq8GYGghYNCIuqI0=,2X1AXIeM6hf5H27rs4FwwE9kipc=
11,0,FB/n3iyaBaFWq8GYGghYNCIuqI0=,Q1H5XndmvyJNCEqzcWz9RuTwG1c=
14,0,FB/n3iyaBaFWq8GYGghYNCIuqI0=,Q1H5XndmvyJNCEqzcWz9RuTwG1c=
10,0,FB/n3iyaBaFWq8GYGghYNCIuqI0=,Q1H5XndmvyJNCEqzcWz9RuTwG1c=
6,0,tQA0WYamPc7g5Fjmnmu/8pg/Ahk=,2es6717H/e4aocu7o04luI+OXb0=
12,0,FB/n3iyaBaFWq8GYGghYNCIuqI0=,Q1H5XndmvyJNCEqzcWz9RuTwG1c=
2,0,tQA0WYamPc7g5Fjmnmu/8pg/Ahk=,2es6717H/e4aocu7o04luI+OXb0=
13,0,FB/n3iyaBaFWq8GYGghYNCIuqI0=,Q1H5XndmvyJNCEqzcWz9RuTwG1c=
7,0,tQA0WYamPc7g5Fjmnmu/8pg/Ahk=,2es6717H/e4aocu7o04luI+OXb0=
9,0,FB/n3iyaBaFWq8GYGghYNCIuqI0=,Q1H5XndmvyJNCEqzcWz9RuTwG1c=
4,0,tQA0WYamPc7g5Fjmnmu/8pg/Ahk=,2es6717H/e4aocu7o04luI+OXb0=
3,0,tQA0WYamPc7g5Fjmnmu/8pg/Ahk=,2es6717H/e4aocu7o04luI+OXb0=
5,0,tQA0WYamPc7g5Fjmnmu/8pg/Ahk=,2es6717H/e4aocu7o04luI+OXb0=
1,0,tQA0WYamPc7g5Fjmnmu/8pg/Ahk=,2es6717H/e4aocu7o04luI+OXb0=
8,0,FB/n3iyaBaFWq8GYGghYNCIuqI0=,Q1H5XndmvyJNCEqzcWz9RuTwG1c=
0,15,FB/n3iyaBaFWq8GYGghYNCIuqI0=,vcYuyn8c0hRMMej4aEGqoab/qJ8=
15,0,FB/n3iyaBaFWq8GYGghYNCIuqI0=,Q1H5XndmvyJNCEqzcWz9RuTwG1c=
15,15,FB/n3iyaBaFWq8GYGghYNCIuqI0=,2X1AXIeM6hf5H27rs4FwwE9kipc=
0,0,tQA0WYamPc7g5Fjmnmu/8pg/Ahk=,2es6717H/e4aocu7o04luI+OXb0=
6,30,FB/n3iyaBaFWq8GYGghYNCIuqI0=,z+1TeqHK18TXqk1kfvgs8RlVhds=
6,29,FB/n3iyaBaFWq8GYGghYNCIuqI0=,z+1TeqHK18TXqk1kfvgs8RlVhds=
4,30,FB/n3iyaBaFWq8GYGghYNCIuqI0=,z+1TeqHK18TXqk1kfvgs8RlVhds=
1,25,FB/n3iyaBaFWq8GYGghYNCIuqI0=,z+1TeqHK18TXqk1kfvgs8RlVhds=
3,30,FB/n3iyaBaFWq8GYGghYNCIuqI0=,z+1TeqHK18TXqk1kfvgs8RlVhds=
1,29,FB/n3iyaBaFWq8GYGghYNCIuqI0=,z+1TeqHK18TXqk1kfvgs8RlVhds=
1,30,FB/n3iyaBaFWq8GYGghYNCIuqI0=,z+1TeqHK18TXqk1kfvgs8RlVhds=
5,30,FB/n3iyaBaFWq8GYGghYNCIuqI0=,z+1TeqHK18TXqk1kfvgs8RlVhds=
4,29,FB/n3iyaBaFWq8GYGghYNCIuqI0=,z+1TeqHK18TXqk1kfvgs8RlVhds=
3,29,FB/n3iyaBaFWq8GYGghYNCIuqI0=,z+1TeqHK18TXqk1kfvgs8RlVhds=
6,28,FB/n3iyaBaFWq8GYGghYNCIuqI0=,z+1TeqHK18TXqk1kfvgs8RlVhds=
5,29,FB/n3iyaBaFWq8GYGghYNCIuqI0=,z+1TeqHK18TXqk1kfvgs8RlVhds=
2,25,FB/n3iyaBaFWq8GYGghYNCIuqI0=,z+1TeqHK18TXqk1kfvgs8RlVhds=
2,30,FB/n3iyaBaFWq8GYGghYNCIuqI0=,z+1TeqHK18TXqk1kfvgs8RlVhds=
2,29,FB/n3iyaBaFWq8GYGghYNCIuqI0=,z+1TeqHK18TXqk1kfvgs8RlVhds=
2,27,FB/n3iyaBaFWq8GYGghYNCIuqI0=,z+1TeqHK18TXqk1kfvgs8RlVhds=
4,28,FB/n3iyaBaFWq8GYGghYNCIuqI0=,z+1TeqHK18TXqk1kfvgs8RlVhds=
3,25,FB/n3iyaBaFWq8GYGghYNCIuqI0=,z+1TeqHK18TXqk1kfvgs8RlVhds=
6,27,FB/n3iyaBaFWq8GYGghYNCIuqI0=,z+1TeqHK18TXqk1kfvgs8RlVhds=
6,26,FB/n3iyaBaFWq8GYGghYNCIuqI0=,z+1TeqHK18TXqk1kfvgs8RlVhds=
5,28,FB/n3iyaBaFWq8GYGghYNCIuqI0=,z+1TeqHK18TXqk1kfvgs8RlVhds=
1,28,FB/n3iyaBaFWq8GYGghYNCIuqI0=,z+1TeqHK18TXqk1kfvgs8RlVhds=
2,28,FB/n3iyaBaFWq8GYGghYNCIuqI0=,z+1TeqHK18TXqk1kfvgs8RlVhds=
6,25,FB/n3iyaBaFWq8GYGghYNCIuqI0=,z+1TeqHK18TXqk1kfvgs8RlVhds=
3,27,FB/n3iyaBaFWq8GYGghYNCIuqI0=,z+1TeqHK18TXqk1kfvgs8RlVhds=
3,26,FB/n3iyaBaFWq8GYGghYNCIuqI0=,z+1TeqHK18TXqk1kfvgs8RlVhds=
1,27,FB/n3iyaBaFWq8GYGghYNCIuqI0=,z+1TeqHK18TXqk1kfvgs8RlVhds=
3,28,FB/n3iyaBaFWq8GYGghYNCIuqI0=,z+1TeqHK18TXqk1kfvgs8RlVhds=
5,25,FB/n3iyaBaFWq8GYGghYNCIuqI0=,z+1TeqHK18TXqk1kfvgs8RlVhds=
4,26,FB/n3iyaBaFWq8GYGghYNCIuqI0=,z+1TeqHK18TXqk1kfvgs8RlVhds=
5,26,FB/n3iyaBaFWq8GYGghYNCIuqI0=,z+1TeqHK18TXqk1kfvgs8RlVhds=
4,27,FB/n3iyaBaFWq8GYGghYNCIuqI0=,z+1TeqHK18TXqk1kfvgs8RlVhds=
2,26,FB/n3iyaBaFWq8GYGghYNCIuqI0=,z+1TeqHK18TXqk1kfvgs8RlVhds=
1,26,FB/n3iyaBaFWq8GYGghYNCIuqI0=,z+1TeqHK18TXqk1kfvgs8RlVhds=
5,27,FB/n3iyaBaFWq8GYGghYNCIuqI0=,z+1TeqHK18TXqk1kfvgs8RlVhds=
4,25,FB/n3iyaBaFWq8GYGghYNCIuqI0=,z+1TeqHK18TXqk1kfvgs8RlVhds=
4,23,FB/n3iyaBaFWq8GYGghYNCIuqI0=,3x/I0KNrMr4+jVVYaV202qgm9v8=
4,17,FB/n3iyaBaFWq8GYGghYNCIuqI0=,3x/I0KNrMr4+jVVYaV202qgm9v8=
13,29,FB/n3iyaBaFWq8GYGghYNCIuqI0=,1WMPUUZM0iGXsViK/68N3z5w4cQ=
12,29,FB/n3iyaBaFWq8GYGghYNCIuqI0=,1WMPUUZM0iGXsViK/68N3z5w4cQ=
5,23,FB/n3iyaBaFWq8GYGghYNCIuqI0=,3x/I0KNrMr4+jVVYaV202qgm9v8=
5,17,FB/n3iyaBaFWq8GYGghYNCIuqI0=,3x/I0KNrMr4+jVVYaV202qgm9v8=
11,29,FB/n3iyaBaFWq8GYGghYNCIuqI0=,1WMPUUZM0iGXsViK/68N3z5w4cQ=
9,29,FB/n3iyaBaFWq8GYGghYNCIuqI0=,1WMPUUZM0iGXsViK/68N3z5w4cQ=
10,29,FB/n3iyaBaFWq8GYGghYNCIuqI0=,1WMPUUZM0iGXsViK/68N3z5w4cQ=
14,29,FB/n3iyaBaFWq8GYGghYNCIuqI0=,1WMPUUZM0iGXsViK/68N3z5w4cQ=
1,18,FB/n3iyaBaFWq8GYGghYNCIuqI0=,3x/I0KNrMr4+jVVYaV202qgm9v8=
3,23,FB/n3iyaBaFWq8GYGghYNCIuqI0=,3x/I0KNrMr4+jVVYaV202qgm9v8=
7,30,FB/n3iyaBaFWq8GYGghYNCIuqI0=,z+1TeqHK18TXqk1kfvgs8RlVhds=
5,22,FB/n3iyaBaFWq8GYGghYNCIuqI0=,3x/I0KNrMr4+jVVYaV202qgm9v8=
1,20,FB/n3iyaBaFWq8GYGghYNCIuqI0=,3x/I0KNrMr4+jVVYaV202qgm9v8=
2,23,FB/n3iyaBaFWq8GYGghYNCIuqI0=,3x/I0KNrMr4+jVVYaV202qgm9v8=
14,28,FB/n3iyaBaFWq8GYGghYNCIuqI0=,1WMPUUZM0iGXsViK/68N3z5w4cQ=
1,23,FB/n3iyaBaFWq8GYGghYNCIuqI0=,3x/I0KNrMr4+jVVYaV202qgm9v8=
5,21,FB/n3iyaBaFWq8GYGghYNCIuqI0=,3x/I0KNrMr4+jVVYaV202qgm9v8=
12,28,FB/n3iyaBaFWq8GYGghYNCIuqI0=,1WMPUUZM0iGXsViK/68N3z5w4cQ=
13,28,FB/n3iyaBaFWq8GYGghYNCIuqI0=,1WMPUUZM0iGXsViK/68N3z5w4cQ=
8,30,FB/n3iyaBaFWq8GYGghYNCIuqI0=,1WMPUUZM0iGXsViK/68N3z5w4cQ=
8,29,FB/n3iyaBaFWq8GYGghYNCIuqI0=,1WMPUUZM0iGXsViK/68N3z5w4cQ=
1,19,FB/n3iyaBaFWq8GYGghYNCIuqI0=,3x/I0KNrMr4+jVVYaV202qgm9v8=
2,20,FB/n3iyaBaFWq8GYGghYNCIuqI0=,3x/I0KNrMr4+jVVYaV202qgm9v8=
7,29,FB/n3iyaBaFWq8GYGghYNCIuqI0=,z+1TeqHK18TXqk1kfvgs8RlVhds=
10,28,FB/n3iyaBaFWq8GYGghYNCIuqI0=,1WMPUUZM0iGXsViK/68N3z5w4cQ=
14,27,FB/n3iyaBaFWq8GYGghYNCIuqI0=,1WMPUUZM0iGXsViK/68N3z5w4cQ=
11,28,FB/n3iyaBaFWq8GYGghYNCIuqI0=,1WMPUUZM0iGXsViK/68N3z5w4cQ=
3,17,FB/n3iyaBaFWq8GYGghYNCIuqI0=,3x/I0KNrMr4+jVVYaV202qgm9v8=
4,22,FB/n3iyaBaFWq8GYGghYNCIuqI0=,3x/I0KNrMr4+jVVYaV202qgm9v8=
9,28,FB/n3iyaBaFWq8GYGghYNCIuqI0=,1WMPUUZM0iGXsViK/68N3z5w4cQ=
6,22,FB/n3iyaBaFWq8GYGghYNCIuqI0=,3x/I0KNrMr4+jVVYaV202qgm9v8=
13,27,FB/n3iyaBaFWq8GYGghYNCIuqI0=,1WMPUUZM0iGXsViK/68N3z5w4cQ=
9,30,FB/n3iyaBaFWq8GYGghYNCIuqI0=,1WMPUUZM0iGXsViK/68N3z5w4cQ=
6,23,FB/n3iyaBaFWq8GYGghYNCIuqI0=,3x/I0KNrMr4+jVVYaV202qgm9v8=
6,19,FB/n3iyaBaFWq8GYGghYNCIuqI0=,3x/I0KNrMr4+jVVYaV202qgm9v8=
12,27,FB/n3iyaBaFWq8GYGghYNCIuqI0=,1WMPUUZM0iGXsViK/68N3z5w4cQ=
7,28,FB/n3iyaBaFWq8GYGghYNCIuqI0=,z+1TeqHK18TXqk1kfvgs8RlVhds=
4,21,FB/n3iyaBaFWq8GYGghYNCIuqI0=,3x/I0KNrMr4+jVVYaV202qgm9v8=
8,28,FB/n3iyaBaFWq8GYGghYNCIuqI0=,1WMPUUZM0iGXsViK/68N3z5w4cQ=
3,21,FB/n3iyaBaFWq8GYGghYNCIuqI0=,3x/I0KNrMr4+jVVYaV202qgm9v8=
10,27,FB/n3iyaBaFWq8GYGghYNCIuqI0=,1WMPUUZM0iGXsViK/68N3z5w4cQ=
7,27,FB/n3iyaBaFWq8GYGghYNCIuqI0=,z+1TeqHK18TXqk1kfvgs8RlVhds=
3,22,FB/n3iyaBaFWq8GYGghYNCIuqI0=,3x/I0KNrMr4+jVVYaV202qgm9v8=
8,27,FB/n3iyaBaFWq8GYGghYNCIuqI0=,1WMPUUZM0iGXsViK/68N3z5w4cQ=
7,26,FB/n3iyaBaFWq8GYGghYNCIuqI0=,z+1TeqHK18TXqk1kfvgs8RlVhds=
11,27,FB/n3iyaBaFWq8GYGghYNCIuqI0=,1WMPUUZM0iGXsViK/68N3z5w4cQ=
14,26,FB/n3iyaBaFWq8GYGghYNCIuqI0=,1WMPUUZM0iGXsViK/68N3z5w4cQ=
9,27,FB/n3iyaBaFWq8GYGghYNCIuqI0=,1WMPUUZM0iGXsViK/68N3z5w4cQ=
10,26,FB/n3iyaBaFWq8GYGghYNCIuqI0=,1WMPUUZM0iGXsViK/68N3z5w4cQ=
2,22,FB/n3iyaBaFWq8GYGghYNCIuqI0=,3x/I0KNrMr4+jVVYaV202qgm9v8=
7,25,FB/n3iyaBaFWq8GYGghYNCIuqI0=,z+1TeqHK18TXqk1kfvgs8RlVhds=
10,30,FB/n3iyaBaFWq8GYGghYNCIuqI0=,1WMPUUZM0iGXsViK/68N3z5w4cQ=
10,25,FB/n3iyaBaFWq8GYGghYNCIuqI0=,1WMPUUZM0iGXsViK/68N3z5w4cQ=
14,25,FB/n3iyaBaFWq8GYGghYNCIuqI0=,1WMPUUZM0iGXsViK/68N3z5w4cQ=
11,25,FB/n3iyaBaFWq8GYGghYNCIuqI0=,1WMPUUZM0iGXsViK/68N3z5w4cQ=
11,26,FB/n3iyaBaFWq8GYGghYNCIuqI0=,1WMPUUZM0iGXsViK/68N3z5w4cQ=
6,21,FB/n3iyaBaFWq8GYGghYNCIuqI0=,3x/I0KNrMr4+jVVYaV202qgm9v8=
5,19,FB/n3iyaBaFWq8GYGghYNCIuqI0=,3x/I0KNrMr4+jVVYaV202qgm9v8=
8,26,FB/n3iyaBaFWq8GYGghYNCIuqI0=,1WMPUUZM0iGXsViK/68N3z5w4cQ=
2,17,FB/n3iyaBaFWq8GYGghYNCIuqI0=,3x/I0KNrMr4+jVVYaV202qgm9v8=
13,30,FB/n3iyaBaFWq8GYGghYNCIuqI0=,1WMPUUZM0iGXsViK/68N3z5w4cQ=
14,30,FB/n3iyaBaFWq8GYGghYNCIuqI0=,1WMPUUZM0iGXsViK/68N3z5w4cQ=
12,26,FB/n3iyaBaFWq8GYGghYNCIuqI0=,1WMPUUZM0iGXsViK/68N3z5w4cQ=
13,26,FB/n3iyaBaFWq8GYGghYNCIuqI0=,1WMPUUZM0iGXsViK/68N3z5w4cQ=
9,26,FB/n3iyaBaFWq8GYGghYNCIuqI0=,1WMPUUZM0iGXsViK/68N3z5w4cQ=
12,30,FB/n3iyaBaFWq8GYGghYNCIuqI0=,1WMPUUZM0iGXsViK/68N3z5w4cQ=
8,25,FB/n3iyaBaFWq8GYGghYNCIuqI0=,1WMPUUZM0iGXsViK/68N3z5w4cQ=
6,18,FB/n3iyaBaFWq8GYGghYNCIuqI0=,3x/I0KNrMr4+jVVYaV202qgm9v8=
13,25,FB/n3iyaBaFWq8GYGghYNCIuqI0=,1WMPUUZM0iGXsViK/68N3z5w4cQ=
5,18,FB/n3iyaBaFWq8GYGghYNCIuqI0=,3x/I0KNrMr4+jVVYaV202qgm9v8=
3,20,FB/n3iyaBaFWq8GYGghYNCIuqI0=,3x/I0KNrMr4+jVVYaV202qgm9v8=
2,21,FB/n3iyaBaFWq8GYGghYNCIuqI0=,3x/I0KNrMr4+jVVYaV202qgm9v8=
3,18,FB/n3iyaBaFWq8GYGghYNCIuqI0=,3x/I0KNrMr4+jVVYaV202qgm9v8=
12,25,FB/n3iyaBaFWq8GYGghYNCIuqI0=,1WMPUUZM0iGXsViK/68N3z5w4cQ=
11,30,FB/n3iyaBaFWq8GYGghYNCIuqI0=,1WMPUUZM0iGXsViK/68N3z5w4cQ=
6,24,FB/n3iyaBaFWq8GYGghYNCIuqI0=,z+1TeqHK18TXqk1kfvgs8RlVhds=
4,18,FB/n3iyaBaFWq8GYGghYNCIuqI0=,3x/I0KNrMr4+jVVYaV202qgm9v8=
4,19,FB/n3iyaBaFWq8GYGghYNCIuqI0=,3x/I0KNrMr4+jVVYaV202qgm9v8=
9,25,FB/n3iyaBaFWq8GYGghYNCIuqI0=,1WMPUUZM0iGXsViK/68N3z5w4cQ=
1,17,FB/n3iyaBaFWq8GYGghYNCIuqI0=,3x/I0KNrMr4+jVVYaV202qgm9v8=
5,24,FB/n3iyaBaFWq8GYGghYNCIuqI0=,z+1TeqHK18TXqk1kfvgs8RlVhds=
2,19,FB/n3iyaBaFWq8GYGghYNCIuqI0=,3x/I0KNrMr4+jVVYaV202qgm9v8=
3,19,FB/n3iyaBaFWq8GYGghYNCIuqI0=,3x/I0KNrMr4+jVVYaV202qgm9v8=
2,18,FB/n3iyaBaFWq8GYGghYNCIuqI0=,3x/I0KNrMr4+jVVYaV202qgm9v8=
6,17,FB/n3iyaBaFWq8GYGghYNCIuqI0=,3x/I0KNrMr4+jVVYaV202qgm9v8=
1,21,FB/n3iyaBaFWq8GYGghYNCIuqI0=,3x/I0KNrMr4+jVVYaV202qgm9v8=
4,20,FB/n3iyaBaFWq8GYGghYNCIuqI0=,3x/I0KNrMr4+jVVYaV202qgm9v8=
5,20,FB/n3iyaBaFWq8GYGghYNCIuqI0=,3x/I0KNrMr4+jVVYaV202qgm9v8=
3,24,FB/n3iyaBaFWq8GYGghYNCIuqI0=,z+1TeqHK18TXqk1kfvgs8RlVhds=
6,20,FB/n3iyaBaFWq8GYGghYNCIuqI0=,3x/I0KNrMr4+jVVYaV202qgm9v8=
1,22,FB/n3iyaBaFWq8GYGghYNCIuqI0=,3x/I0KNrMr4+jVVYaV202qgm9v8=
1,24,FB/n3iyaBaFWq8GYGghYNCIuqI0=,z+1TeqHK18TXqk1kfvgs8RlVhds=
4,24,FB/n3iyaBaFWq8GYGghYNCIuqI0=,z+1TeqHK18TXqk1kfvgs8RlVhds=
2,24,FB/n3iyaBaFWq8GYGghYNCIuqI0=,z+1TeqHK18TXqk1kfvgs8RlVhds=
13,18,FB/n3iyaBaFWq8GYGghYNCIuqI0=,UcSkesPMkovfgV1X5ORB3PhMgxU=
14,23,FB/n3iyaBaFWq8GYGghYNCIuqI0=,UcSkesPMkovfgV1X5ORB3PhMgxU=
7,19,FB/n3iyaBaFWq8GYGghYNCIuqI0=,3x/I0KNrMr4+jVVYaV202qgm9v8=
14,18,FB/n3iyaBaFWq8GYGghYNCIuqI0=,UcSkesPMkovfgV1X5ORB3PhMgxU=
12,18,FB/n3iyaBaFWq8GYGghYNCIuqI0=,UcSkesPMkovfgV1X5ORB3PhMgxU=
8,19,FB/n3iyaBaFWq8GYGghYNCIuqI0=,UcSkesPMkovfgV1X5ORB3PhMgxU=
9,19,FB/n3iyaBaFWq8GYGghYNCIuqI0=,UcSkesPMkovfgV1X5ORB3PhMgxU=
13,23,FB/n3iyaBaFWq8GYGghYNCIuqI0=,UcSkesPMkovfgV1X5ORB3PhMgxU=
11,18,FB/n3iyaBaFWq8GYGghYNCIuqI0=,UcSkesPMkovfgV1X5ORB3PhMgxU=
12,19,FB/n3iyaBaFWq8GYGghYNCIuqI0=,UcSkesPMkovfgV1X5ORB3PhMgxU=
11,23,FB/n3iyaBaFWq8GYGghYNCIuqI0=,UcSkesPMkovfgV1X5ORB3PhMgxU=
10,18,FB/n3iyaBaFWq8GYGghYNCIuqI0=,UcSkesPMkovfgV1X5ORB3PhMgxU=
10,23,FB/n3iyaBaFWq8GYGghYNCIuqI0=,UcSkesPMkovfgV1X5ORB3PhMgxU=
8,23,FB/n3iyaBaFWq8GYGghYNCIuqI0=,UcSkesPMkovfgV1X5ORB3PhMgxU=
10,19,FB/n3iyaBaFWq8GYGghYNCIuqI0=,UcSkesPMkovfgV1X5ORB3PhMgxU=
11,19,FB/n3iyaBaFWq8GYGghYNCIuqI0=,UcSkesPMkovfgV1X5ORB3PhMgxU=
12,23,FB/n3iyaBaFWq8GYGghYNCIuqI0=,UcSkesPMkovfgV1X5ORB3PhMgxU=
9,18,FB/n3iyaBaFWq8GYGghYNCIuqI0=,UcSkesPMkovfgV1X5ORB3PhMgxU=
7,18,FB/n3iyaBaFWq8GYGghYNCIuqI0=,3x/I0KNrMr4+jVVYaV202qgm9v8=
9,23,FB/n3iyaBaFWq8GYGghYNCIuqI0=,UcSkesPMkovfgV1X5ORB3PhMgxU=
14,22,FB/n3iyaBaFWq8GYGghYNCIuqI0=,UcSkesPMkovfgV1X5ORB3PhMgxU=
14,17,FB/n3iyaBaFWq8GYGghYNCIuqI0=,UcSkesPMkovfgV1X5ORB3PhMgxU=
13,19,FB/n3iyaBaFWq8GYGghYNCIuqI0=,UcSkesPMkovfgV1X5ORB3PhMgxU=
11,17,FB/n3iyaBaFWq8GYGghYNCIuqI0=,UcSkesPMkovfgV1X5ORB3PhMgxU=
13,17,FB/n3iyaBaFWq8GYGghYNCIuqI0=,UcSkesPMkovfgV1X5ORB3PhMgxU=
12,17,FB/n3iyaBaFWq8GYGghYNCIuqI0=,UcSkesPMkovfgV1X5ORB3PhMgxU=
8,18,FB/n3iyaBaFWq8GYGghYNCIuqI0=,UcSkesPMkovfgV1X5ORB3PhMgxU=
8,22,FB/n3iyaBaFWq8GYGghYNCIuqI0=,UcSkesPMkovfgV1X5ORB3PhMgxU=
10,17,FB/n3iyaBaFWq8GYGghYNCIuqI0=,UcSkesPMkovfgV1X5ORB3PhMgxU=
9,17,FB/n3iyaBaFWq8GYGghYNCIuqI0=,UcSkesPMkovfgV1X5ORB3PhMgxU=
7,24,FB/n3iyaBaFWq8GYGghYNCIuqI0=,z+1TeqHK18TXqk1kfvgs8RlVhds=
13,22,FB/n3iyaBaFWq8GYGghYNCIuqI0=,UcSkesPMkovfgV1X5ORB3PhMgxU=
8,17,FB/n3iyaBaFWq8GYGghYNCIuqI0=,UcSkesPMkovfgV1X5ORB3PhMgxU=
14,19,FB/n3iyaBaFWq8GYGghYNCIuqI0=,UcSkesPMkovfgV1X5ORB3PhMgxU=
7,17,FB/n3iyaBaFWq8GYGghYNCIuqI0=,3x/I0KNrMr4+jVVYaV202qgm9v8=
9,22,FB/n3iyaBaFWq8GYGghYNCIuqI0=,UcSkesPMkovfgV1X5ORB3PhMgxU=
13,21,FB/n3iyaBaFWq8GYGghYNCIuqI0=,UcSkesPMkovfgV1X5ORB3PhMgxU=
12,22,FB/n3iyaBaFWq8GYGghYNCIuqI0=,UcSkesPMkovfgV1X5ORB3PhMgxU=
14,21,FB/n3iyaBaFWq8GYGghYNCIuqI0=,UcSkesPMkovfgV1X5ORB3PhMgxU=
10,22,FB/n3iyaBaFWq8GYGghYNCIuqI0=,UcSkesPMkovfgV1X5ORB3PhMgxU=
14,20,FB/n3iyaBaFWq8GYGghYNCIuqI0=,UcSkesPMkovfgV1X5ORB3PhMgxU=
8,21,FB/n3iyaBaFWq8GYGghYNCIuqI0=,UcSkesPMkovfgV1X5ORB3PhMgxU=
7,20,FB/n3iyaBaFWq8GYGghYNCIuqI0=,3x/I0KNrMr4+jVVYaV202qgm9v8=
11,22,FB/n3iyaBaFWq8GYGghYNCIuqI0=,UcSkesPMkovfgV1X5ORB3PhMgxU=
14,24,FB/n3iyaBaFWq8GYGghYNCIuqI0=,1WMPUUZM0iGXsViK/68N3z5w4cQ=
12,24,FB/n3iyaBaFWq8GYGghYNCIuqI0=,1WMPUUZM0iGXsViK/68N3z5w4cQ=
8,24,FB/n3iyaBaFWq8GYGghYNCIuqI0=,1WMPUUZM0iGXsViK/68N3z5w4cQ=
13,20,FB/n3iyaBaFWq8GYGghYNCIuqI0=,UcSkesPMkovfgV1X5ORB3PhMgxU=
11,21,FB/n3iyaBaFWq8GYGghYNCIuqI0=,UcSkesPMkovfgV1X5ORB3PhMgxU=
7,23,FB/n3iyaBaFWq8GYGghYNCIuqI0=,3x/I0KNrMr4+jVVYaV202qgm9v8=
10,21,FB/n3iyaBaFWq8GYGghYNCIuqI0=,UcSkesPMkovfgV1X5ORB3PhMgxU=
12,20,FB/n3iyaBaFWq8GYGghYNCIuqI0=,UcSkesPMkovfgV1X5ORB3PhMgxU=
12,21,FB/n3iyaBaFWq8GYGghYNCIuqI0=,UcSkesPMkovfgV1X5ORB3PhMgxU=
11,24,FB/n3iyaBaFWq8GYGghYNCIuqI0=,1WMPUUZM0iGXsViK/68N3z5w4cQ=
10,24,FB/n3iyaBaFWq8GYGghYNCIuqI0=,1WMPUUZM0iGXsViK/68N3z5w4cQ=
7,22,FB/n3iyaBaFWq8GYGghYNCIuqI0=,3x/I0KNrMr4+jVVYaV202qgm9v8=
9,21,FB/n3iyaBaFWq8GYGghYNCIuqI0=,UcSkesPMkovfgV1X5ORB3PhMgxU=
13,24,FB/n3iyaBaFWq8GYGghYNCIuqI0=,1WMPUUZM0iGXsViK/68N3z5w4cQ=
11,20,FB/n3iyaBaFWq8GYGghYNCIuqI0=,UcSkesPMkovfgV1X5ORB3PhMgxU=
9,24,FB/n3iyaBaFWq8GYGghYNCIuqI0=,1WMPUUZM0iGXsViK/68N3z5w4cQ=
7,21,FB/n3iyaBaFWq8GYGghYNCIuqI0=,3x/I0KNrMr4+jVVYaV202qgm9v8=
10,20,FB/n3iyaBaFWq8GYGghYNCIuqI0=,UcSkesPMkovfgV1X5ORB3PhMgxU=
8,20,FB/n3iyaBaFWq8GYGghYNCIuqI0=,UcSkesPMkovfgV1X5ORB3PhMgxU=
9,20,FB/n3iyaBaFWq8GYGghYNCIuqI0=,UcSkesPMkovfgV1X5ORB3PhMgxU=
15,27,FB/n3iyaBaFWq8GYGghYNCIuqI0=,1WMPUUZM0iGXsViK/68N3z5w4cQ=
15,30,FB/n3iyaBaFWq8GYGghYNCIuqI0=,1WMPUUZM0iGXsViK/68N3z5w4cQ=
2,16,FB/n3iyaBaFWq8GYGghYNCIuqI0=,3x/I0KNrMr4+jVVYaV202qgm9v8=
15,28,FB/n3iyaBaFWq8GYGghYNCIuqI0=,1WMPUUZM0iGXsViK/68N3z5w4cQ=
15,25,FB/n3iyaBaFWq8GYGghYNCIuqI0=,1WMPUUZM0iGXsViK/68N3z5w4cQ=
15,26,FB/n3iyaBaFWq8GYGghYNCIuqI0=,1WMPUUZM0iGXsViK/68N3z5w4cQ=
3,16,FB/n3iyaBaFWq8GYGghYNCIuqI0=,3x/I0KNrMr4+jVVYaV202qgm9v8=
15,17,FB/n3iyaBaFWq8GYGghYNCIuqI0=,UcSkesPMkovfgV1X5ORB3PhMgxU=
15,29,FB/n3iyaBaFWq8GYGghYNCIuqI0=,1WMPUUZM0iGXsViK/68N3z5w4cQ=
4,16,FB/n3iyaBaFWq8GYGghYNCIuqI0=,3x/I0KNrMr4+jVVYaV202qgm9v8=
8,16,FB/n3iyaBaFWq8GYGghYNCIuqI0=,UcSkesPMkovfgV1X5ORB3PhMgxU=
9,16,FB/n3iyaBaFWq8GYGghYNCIuqI0=,UcSkesPMkovfgV1X5ORB3PhMgxU=
15,18,FB/n3iyaBaFWq8GYGghYNCIuqI0=,UcSkesPMkovfgV1X5ORB3PhMgxU=
15,22,FB/n3iyaBaFWq8GYGghYNCIuqI0=,UcSkesPMkovfgV1X5ORB3PhMgxU=
15,21,FB/n3iyaBaFWq8GYGghYNCIuqI0=,UcSkesPMkovfgV1X5ORB3PhMgxU=
15,20,FB/n3iyaBaFWq8GYGghYNCIuqI0=,UcSkesPMkovfgV1X5ORB3PhMgxU=
15,19,FB/n3iyaBaFWq8GYGghYNCIuqI0=,UcSkesPMkovfgV1X5ORB3PhMgxU=
15,23,FB/n3iyaBaFWq8GYGghYNCIuqI0=,UcSkesPMkovfgV1X5ORB3PhMgxU=
14,16,FB/n3iyaBaFWq8GYGghYNCIuqI0=,UcSkesPMkovfgV1X5ORB3PhMgxU=
1,16,FB/n3iyaBaFWq8GYGghYNCIuqI0=,3x/I0KNrMr4+jVVYaV202qgm9v8=
7,16,FB/n3iyaBaFWq8GYGghYNCIuqI0=,3x/I0KNrMr4+jVVYaV202qgm9v8=
5,16,FB/n3iyaBaFWq8GYGghYNCIuqI0=,3x/I0KNrMr4+jVVYaV202qgm9v8=
6,16,FB/n3iyaBaFWq8GYGghYNCIuqI0=,3x/I0KNrMr4+jVVYaV202qgm9v8=
15,24,FB/n3iyaBaFWq8GYGghYNCIuqI0=,1WMPUUZM0iGXsViK/68N3z5w4cQ=
13,16,FB/n3iyaBaFWq8GYGghYNCIuqI0=,UcSkesPMkovfgV1X5ORB3PhMgxU=
12,16,FB/n3iyaBaFWq8GYGghYNCIuqI0=,UcSkesPMkovfgV1X5ORB3PhMgxU=
11,16,FB/n3iyaBaFWq8GYGghYNCIuqI0=,UcSkesPMkovfgV1X5ORB3PhMgxU=
10,16,FB/n3iyaBaFWq8GYGghYNCIuqI0=,UcSkesPMkovfgV1X5ORB3PhMgxU=
14,31,FB/n3iyaBaFWq8GYGghYNCIuqI0=,1WMPUUZM0iGXsViK/68N3z5w4cQ=
0,30,FB/n3iyaBaFWq8GYGghYNCIuqI0=,z+1TeqHK18TXqk1kfvgs8RlVhds=
12,31,FB/n3iyaBaFWq8GYGghYNCIuqI0=,1WMPUUZM0iGXsViK/68N3z5w4cQ=
13,31,FB/n3iyaBaFWq8GYGghYNCIuqI0=,1WMPUUZM0iGXsViK/68N3z5w4cQ=
0,26,FB/n3iyaBaFWq8GYGghYNCIuqI0=,z+1TeqHK18TXqk1kfvgs8RlVhds=
0,19,FB/n3iyaBaFWq8GYGghYNCIuqI0=,3x/I0KNrMr4+jVVYaV202qgm9v8=
3,31,FB/n3iyaBaFWq8GYGghYNCIuqI0=,z+1TeqHK18TXqk1kfvgs8RlVhds=
0,25,FB/n3iyaBaFWq8GYGghYNCIuqI0=,z+1TeqHK18TXqk1kfvgs8RlVhds=
4,31,FB/n3iyaBaFWq8GYGghYNCIuqI0=,z+1TeqHK18TXqk1kfvgs8RlVhds=
0,29,FB/n3iyaBaFWq8GYGghYNCIuqI0=,z+1TeqHK18TXqk1kfvgs8RlVhds=
11,31,FB/n3iyaBaFWq8GYGghYNCIuqI0=,1WMPUUZM0iGXsViK/68N3z5w4cQ=
0,20,FB/n3iyaBaFWq8GYGghYNCIuqI0=,3x/I0KNrMr4+jVVYaV202qgm9v8=
5,31,FB/n3iyaBaFWq8GYGghYNCIuqI0=,z+1TeqHK18TXqk1kfvgs8RlVhds=
2,31,FB/n3iyaBaFWq8GYGghYNCIuqI0=,z+1TeqHK18TXqk1kfvgs8RlVhds=
0,28,FB/n3iyaBaFWq8GYGghYNCIuqI0=,z+1TeqHK18TXqk1kfvgs8RlVhds=
9,31,FB/n3iyaBaFWq8GYGghYNCIuqI0=,1WMPUUZM0iGXsViK/68N3z5w4cQ=
0,21,FB/n3iyaBaFWq8GYGghYNCIuqI0=,3x/I0KNrMr4+jVVYaV202qgm9v8=
0,18,FB/n3iyaBaFWq8GYGghYNCIuqI0=,3x/I0KNrMr4+jVVYaV202qgm9v8=
0,17,FB/n3iyaBaFWq8GYGghYNCIuqI0=,3x/I0KNrMr4+jVVYaV202qgm9v8=
10,31,FB/n3iyaBaFWq8GYGghYNCIuqI0=,1WMPUUZM0iGXsViK/68N3z5w4cQ=
0,22,FB/n3iyaBaFWq8GYGghYNCIuqI0=,3x/I0KNrMr4+jVVYaV202qgm9v8=
1,31,FB/n3iyaBaFWq8GYGghYNCIuqI0=,z+1TeqHK18TXqk1kfvgs8RlVhds=
7,31,FB/n3iyaBaFWq8GYGghYNCIuqI0=,z+1TeqHK18TXqk1kfvgs8RlVhds=
0,24,FB/n3iyaBaFWq8GYGghYNCIuqI0=,z+1TeqHK18TXqk1kfvgs8RlVhds=
0,27,FB/n3iyaBaFWq8GYGghYNCIuqI0=,z+1TeqHK18TXqk1kfvgs8RlVhds=
0,23,FB/n3iyaBaFWq8GYGghYNCIuqI0=,3x/I0KNrMr4+jVVYaV202qgm9v8=
6,31,FB/n3iyaBaFWq8GYGghYNCIuqI0=,z+1TeqHK18TXqk1kfvgs8RlVhds=
8,31,FB/n3iyaBaFWq8GYGghYNCIuqI0=,1WMPUUZM0iGXsViK/68N3z5w4cQ=
0,16,FB/n3iyaBaFWq8GYGghYNCIuqI0=,3x/I0KNrMr4+jVVYaV202qgm9v8=
0,31,FB/n3iyaBaFWq8GYGghYNCIuqI0=,z+1TeqHK18TXqk1kfvgs8RlVhds=
15,31,FB/n3iyaBaFWq8GYGghYNCIuqI0=,1WMPUUZM0iGXsViK/68N3z5w4cQ=
15,16,FB/n3iyaBaFWq8GYGghYNCIuqI0=,UcSkesPMkovfgV1X5ORB3PhMgxU=
20,27,BcOzVn6SQissK0bnfUpUOYhcqac=,VXrFigRZC4YoVUxhsH3dVV3uJ7k=
30,26,BcOzVn6SQissK0bnfUpUOYhcqac=,3UgBcFv/B44xnMjVdr+/qdbHfRU=
19,27,BcOzVn6SQissK0bnfUpUOYhcqac=,VXrFigRZC4YoVUxhsH3dVV3uJ7k=
29,30,BcOzVn6SQissK0bnfUpUOYhcqac=,3UgBcFv/B44xnMjVdr+/qdbHfRU=
30,30,BcOzVn6SQissK0bnfUpUOYhcqac=,3UgBcFv/B44xnMjVdr+/qdbHfRU=
30,25,BcOzVn6SQissK0bnfUpUOYhcqac=,3UgBcFv/B44xnMjVdr+/qdbHfRU=
29,26,BcOzVn6SQissK0bnfUpUOYhcqac=,3UgBcFv/B44xnMjVdr+/qdbHfRU=
28,30,BcOzVn6SQissK0bnfUpUOYhcqac=,3UgBcFv/B44xnMjVdr+/qdbHfRU=
29,25,BcOzVn6SQissK0bnfUpUOYhcqac=,3UgBcFv/B44xnMjVdr+/qdbHfRU=
27,30,BcOzVn6SQissK0bnfUpUOYhcqac=,3UgBcFv/B44xnMjVdr+/qdbHfRU=
28,27,0s7Er/6Z/VkLQhRToo0FZhnOd6I=,3UgBcFv/B44xnMjVdr+/qdbHfRU=
25,30,0s7Er/6Z/VkLQhRToo0FZhnOd6I=,3UgBcFv/B44xnMjVdr+/qdbHfRU=
26,25,0s7Er/6Z/VkLQhRToo0FZhnOd6I=,3UgBcFv/B44xnMjVdr+/qdbHfRU=
30,29,0s7Er/6Z/VkLQhRToo0FZhnOd6I=,3UgBcFv/B44xnMjVdr+/qdbHfRU=
29,29,0s7Er/6Z/VkLQhRToo0FZhnOd6I=,3UgBcFv/B44xnMjVdr+/qdbHfRU=
29,27,0s7Er/6Z/VkLQhRToo0FZhnOd6I=,3UgBcFv/B44xnMjVdr+/qdbHfRU=
26,26,0s7Er/6Z/VkLQhRToo0FZhnOd6I=,3UgBcFv/B44xnMjVdr+/qdbHfRU=
25,27,0s7Er/6Z/VkLQhRToo0FZhnOd6I=,3UgBcFv/B44xnMjVdr+/qdbHfRU=
30,27,0s7Er/6Z/VkLQhRToo0FZhnOd6I=,3UgBcFv/B44xnMjVdr+/qdbHfRU=
25,26,0s7Er/6Z/VkLQhRToo0FZhnOd6I=,3UgBcFv/B44xnMjVdr+/qdbHfRU=
27,27,0s7Er/6Z/VkLQhRToo0FZhnOd6I=,3UgBcFv/B44xnMjVdr+/qdbHfRU=
30,28,0s7Er/6Z/VkLQhRToo0FZhnOd6I=,3UgBcFv/B44xnMjVdr+/qdbHfRU=
29,28,0s7Er/6Z/VkLQhRToo0FZhnOd6I=,3UgBcFv/B44xnMjVdr+/qdbHfRU=
26,30,0s7Er/6Z/VkLQhRToo0FZhnOd6I=,3UgBcFv/B44xnMjVdr+/qdbHfRU=
18,27,0s7Er/6Z/VkLQhRToo0FZhnOd6I=,VXrFigRZC4YoVUxhsH3dVV3uJ7k=
27,25,0s7Er/6Z/VkLQhRToo0FZhnOd6I=,3UgBcFv/B44xnMjVdr+/qdbHfRU=
26,27,0s7Er/6Z/VkLQhRToo0FZhnOd6I=,3UgBcFv/B44xnMjVdr+/qdbHfRU=
17,27,0s7Er/6Z/VkLQhRToo0FZhnOd6I=,VXrFigRZC4YoVUxhsH3dVV3uJ7k=
28,25,0s7Er/6Z/VkLQhRToo0FZhnOd6I=,3UgBcFv/B44xnMjVdr+/qdbHfRU=
28,29,0s7Er/6Z/VkLQhRToo0FZhnOd6I=,3UgBcFv/B44xnMjVdr+/qdbHfRU=
23,26,0s7Er/6Z/VkLQhRToo0FZhnOd6I=,VXrFigRZC4YoVUxhsH3dVV3uJ7k=
28,26,0s7Er/6Z/VkLQhRToo0FZhnOd6I=,3UgBcFv/B44xnMjVdr+/qdbHfRU=
20,26,0s7Er/6Z/VkLQhRToo0FZhnOd6I=,VXrFigRZC4YoVUxhsH3dVV3uJ7k=
19,26,0s7Er/6Z/VkLQhRToo0FZhnOd6I=,VXrFigRZC4YoVUxhsH3dVV3uJ7k=
23,30,0s7Er/6Z/VkLQhRToo0FZhnOd6I=,VXrFigRZC4YoVUxhsH3dVV3uJ7k=
27,26,0s7Er/6Z/VkLQhRToo0FZhnOd6I=,3UgBcFv/B44xnMjVdr+/qdbHfRU=
21,26,0s7Er/6Z/VkLQhRToo0FZhnOd6I=,VXrFigRZC4YoVUxhsH3dVV3uJ7k=
24,26,0s7Er/6Z/VkLQhRToo0FZhnOd6I=,3UgBcFv/B44xnMjVdr+/qdbHfRU=
18,26,0s7Er/6Z/VkLQhRToo0FZhnOd6I=,VXrFigRZC4YoVUxhsH3dVV3uJ7k=
17,26,0s7Er/6Z/VkLQhRToo0FZhnOd6I=,VXrFigRZC4YoVUxhsH3dVV3uJ7k=
20,30,0s7Er/6Z/VkLQhRToo0FZhnOd6I=,VXrFigRZC4YoVUxhsH3dVV3uJ7k=
19,30,0s7Er/6Z/VkLQhRToo0FZhnOd6I=,VXrFigRZC4YoVUxhsH3dVV3uJ7k=
18,30,0s7Er/6Z/VkLQhRToo0FZhnOd6I=,VXrFigRZC4YoVUxhsH3dVV3uJ7k=
27,28,0s7Er/6Z/VkLQhRToo0FZhnOd6I=,3UgBcFv/B44xnMjVdr+/qdbHfRU=
24,27,0s7Er/6Z/VkLQhRToo0FZhnOd6I=,3UgBcFv/B44xnMjVdr+/qdbHfRU=
24,30,0s7Er/6Z/VkLQhRToo0FZhnOd6I=,3UgBcFv/B44xnMjVdr+/qdbHfRU=
26,29,0s7Er/6Z/VkLQhRToo0FZhnOd6I=,3UgBcFv/B44xnMjVdr+/qdbHfRU=
21,25,0s7Er/6Z/VkLQhRToo0FZhnOd6I=,VXrFigRZC4YoVUxhsH3dVV3uJ7k=
21,30,0s7Er/6Z/VkLQhRToo0FZhnOd6I=,VXrFigRZC4YoVUxhsH3dVV3uJ7k=
22,26,0s7Er/6Z/VkLQhRToo0FZhnOd6I=,VXrFigRZC4YoVUxhsH3dVV3uJ7k=
28,28,0s7Er/6Z/VkLQhRToo0FZhnOd6I=,3UgBcFv/B44xnMjVdr+/qdbHfRU=
25,28,0s7Er/6Z/VkLQhRToo0FZhnOd6I=,3UgBcFv/B44xnMjVdr+/qdbHfRU=
25,29,0s7Er/6Z/VkLQhRToo0FZhnOd6I=,3UgBcFv/B44xnMjVdr+/qdbHfRU=
27,29,0s7Er/6Z/VkLQhRToo0FZhnOd6I=,3UgBcFv/B44xnMjVdr+/qdbHfRU=
20,25,0s7Er/6Z/VkLQhRToo0FZhnOd6I=,VXrFigRZC4YoVUxhsH3dVV3uJ7k=
22,30,0s7Er/6Z/VkLQhRToo0FZhnOd6I=,VXrFigRZC4YoVUxhsH3dVV3uJ7k=
19,25,0s7Er/6Z/VkLQhRToo0FZhnOd6I=,VXrFigRZC4YoVUxhsH3dVV3uJ7k=
17,30,0s7Er/6Z/VkLQhRToo0FZhnOd6I=,VXrFigRZC4YoVUxhsH3dVV3uJ7k=
17,25,0s7Er/6Z/VkLQhRToo0FZhnOd6I=,VXrFigRZC4YoVUxhsH3dVV3uJ7k=
22,25,0s7Er/6Z/VkLQhRToo0FZhnOd6I=,VXrFigRZC4YoVUxhsH3dVV3uJ7k=
19,29,0s7Er/6Z/VkLQhRToo0FZhnOd6I=,VXrFigRZC4YoVUxhsH3dVV3uJ7k=
20,29,0s7Er/6Z/VkLQhRToo0FZhnOd6I=,VXrFigRZC4YoVUxhsH3dVV3uJ7k=
18,29,0s7Er/6Z/VkLQhRToo0FZhnOd6I=,VXrFigRZC4YoVUxhsH3dVV3uJ7k=
25,25,0s7Er/6Z/VkLQhRToo0FZhnOd6I=,3UgBcFv/B44xnMjVdr+/qdbHfRU=
24,25,0s7Er/6Z/VkLQhRToo0FZhnOd6I=,3UgBcFv/B44xnMjVdr+/qdbHfRU=
20,28,0s7Er/6Z/VkLQhRToo0FZhnOd6I=,VXrFigRZC4YoVUxhsH3dVV3uJ7k=
26,28,0s7Er/6Z/VkLQhRToo0FZhnOd6I=,3UgBcFv/B44xnMjVdr+/qdbHfRU=
19,28,0s7Er/6Z/VkLQhRToo0FZhnOd6I=,VXrFigRZC4YoVUxhsH3dVV3uJ7k=
18,25,0s7Er/6Z/VkLQhRToo0FZhnOd6I=,VXrFigRZC4YoVUxhsH3dVV3uJ7k=
18,28,0s7Er/6Z/VkLQhRToo0FZhnOd6I=,VXrFigRZC4YoVUxhsH3dVV3uJ7k=
17,29,0s7Er/6Z/VkLQhRToo0FZhnOd6I=,VXrFigRZC4YoVUxhsH3dVV3uJ7k=
23,29,0s7Er/6Z/VkLQhRToo0FZhnOd6I=,VXrFigRZC4YoVUxhsH3dVV3uJ7k=
21,29,0s7Er/6Z/VkLQhRToo0FZhnOd6I=,VXrFigRZC4YoVUxhsH3dVV3uJ7k=
22,29,0s7Er/6Z/VkLQhRToo0FZhnOd6I=,VXrFigRZC4YoVUxhsH3dVV3uJ7k=
21,28,0s7Er/6Z/VkLQhRToo0FZhnOd6I=,VXrFigRZC4YoVUxhsH3dVV3uJ7k=
17,28,0s7Er/6Z/VkLQhRToo0FZhnOd6I=,VXrFigRZC4YoVUxhsH3dVV3uJ7k=
21,27,0s7Er/6Z/VkLQhRToo0FZhnOd6I=,VXrFigRZC4YoVUxhsH3dVV3uJ7k=
23,27,0s7Er/6Z/VkLQhRToo0FZhnOd6I=,VXrFigRZC4YoVUxhsH3dVV3uJ7k=
22,28,0s7Er/6Z/VkLQhRToo0FZhnOd6I=,VXrFigRZC4YoVUxhsH3dVV3uJ7k=
23,28,0s7Er/6Z/VkLQhRToo0FZhnOd6I=,VXrFigRZC4YoVUxhsH3dVV3uJ7k=
24,29,0s7Er/6Z/VkLQhRToo0FZhnOd6I=,3UgBcFv/B44xnMjVdr+/qdbHfRU=
22,27,0s7Er/6Z/VkLQhRToo0FZhnOd6I=,VXrFigRZC4YoVUxhsH3dVV3uJ7k=
24,28,0s7Er/6Z/VkLQhRToo0FZhnOd6I=,3UgBcFv/B44xnMjVdr+/qdbHfRU=
23,25,0s7Er/6Z/VkLQhRToo0FZhnOd6I=,VXrFigRZC4YoVUxhsH3dVV3uJ7k=
27,19,0s7Er/6Z/VkLQhRToo0FZhnOd6I=,TVaM56E/vmG4YmjAjo+jj6fpRM8=
26,19,0s7Er/6Z/VkLQhRToo0FZhnOd6I=,TVaM56E/vmG4YmjAjo+jj6fpRM8=
28,19,0s7Er/6Z/VkLQhRToo0FZhnOd6I=,TVaM56E/vmG4YmjAjo+jj6fpRM8=
30,23,0s7Er/6Z/VkLQhRToo0FZhnOd6I=,TVaM56E/vmG4YmjAjo+jj6fpRM8=
25,19,0s7Er/6Z/VkLQhRToo0FZhnOd6I=,TVaM56E/vmG4YmjAjo+jj6fpRM8=
27,23,0s7Er/6Z/VkLQhRToo0FZhnOd6I=,TVaM56E/vmG4YmjAjo+jj6fpRM8=
25,23,0s7Er/6Z/VkLQhRToo0FZhnOd6I=,TVaM56E/vmG4YmjAjo+jj6fpRM8=
27,18,0s7Er/6Z/VkLQhRToo0FZhnOd6I=,TVaM56E/vmG4YmjAjo+jj6fpRM8=
29,19,0s7Er/6Z/VkLQhRToo0FZhnOd6I=,TVaM56E/vmG4YmjAjo+jj6fpRM8=
28,18,0s7Er/6Z/VkLQhRToo0FZhnOd6I=,TVaM56E/vmG4YmjAjo+jj6fpRM8=
28,22,0s7Er/6Z/VkLQhRToo0FZhnOd6I=,TVaM56E/vmG4YmjAjo+jj6fpRM8=
30,17,0s7Er/6Z/VkLQhRToo0FZhnOd6I=,TVaM56E/vmG4YmjAjo+jj6fpRM8=
26,18,0s7Er/6Z/VkLQhRToo0FZhnOd6I=,TVaM56E/vmG4YmjAjo+jj6fpRM8=
26,23,0s7Er/6Z/VkLQhRToo0FZhnOd6I=,TVaM56E/vmG4YmjAjo+jj6fpRM8=
29,23,0s7Er/6Z/VkLQhRToo0FZhnOd6I=,TVaM56E/vmG4YmjAjo+jj6fpRM8=
28,23,0s7Er/6Z/VkLQhRToo0FZhnOd6I=,TVaM56E/vmG4YmjAjo+jj6fpRM8=
25,22,0s7Er/6Z/VkLQhRToo0FZhnOd6I=,TVaM56E/vmG4YmjAjo+jj6fpRM8=
26,22,0s7Er/6Z/VkLQhRToo0FZhnOd6I=,TVaM56E/vmG4YmjAjo+jj6fpRM8=
27,22,0s7Er/6Z/VkLQhRToo0FZhnOd6I=,TVaM56E/vmG4YmjAjo+jj6fpRM8=
30,24,0s7Er/6Z/VkLQhRToo0FZhnOd6I=,3UgBcFv/B44xnMjVdr+/qdbHfRU=
30,18,0s7Er/6Z/VkLQhRToo0FZhnOd6I=,TVaM56E/vmG4YmjAjo+jj6fpRM8=
29,18,0s7Er/6Z/VkLQhRToo0FZhnOd6I=,TVaM56E/vmG4YmjAjo+jj6fpRM8=
30,22,0s7Er/6Z/VkLQhRToo0FZhnOd6I=,TVaM56E/vmG4YmjAjo+jj6fpRM8=
29,17,0s7Er/6Z/VkLQhRToo0FZhnOd6I=,TVaM56E/vmG4YmjAjo+jj6fpRM8=
28,17,0s7Er/6Z/VkLQhRToo0FZhnOd6I=,TVaM56E/vmG4YmjAjo+jj6fpRM8=
27,17,0s7Er/6Z/VkLQhRToo0FZhnOd6I=,TVaM56E/vmG4YmjAjo+jj6fpRM8=
27,21,0s7Er/6Z/VkLQhRToo0FZhnOd6I=,TVaM56E/vmG4YmjAjo+jj6fpRM8=
26,21,0s7Er/6Z/VkLQhRToo0FZhnOd6I=,TVaM56E/vmG4YmjAjo+jj6fpRM8=
25,21,0s7Er/6Z/VkLQhRToo0FZhnOd6I=,TVaM56E/vmG4YmjAjo+jj6fpRM8=
29,22,0s7Er/6Z/VkLQhRToo0FZhnOd6I=,TVaM56E/vmG4YmjAjo+jj6fpRM8=
25,18,0s7Er/6Z/VkLQhRToo0FZhnOd6I=,TVaM56E/vmG4YmjAjo+jj6fpRM8=
26,17,0s7Er/6Z/VkLQhRToo0FZhnOd6I=,TVaM56E/vmG4YmjAjo+jj6fpRM8=
27,20,0s7Er/6Z/VkLQhRToo0FZhnOd6I=,TVaM56E/vmG4YmjAjo+jj6fpRM8=
26,20,0s7Er/6Z/VkLQhRToo0FZhnOd6I=,TVaM56E/vmG4YmjAjo+jj6fpRM8=
30,19,0s7Er/6Z/VkLQhRToo0FZhnOd6I=,TVaM56E/vmG4YmjAjo+jj6fpRM8=
25,20,0s7Er/6Z/VkLQhRToo0FZhnOd6I=,TVaM56E/vmG4YmjAjo+jj6fpRM8=
25,17,0s7Er/6Z/VkLQhRToo0FZhnOd6I=,TVaM56E/vmG4YmjAjo+jj6fpRM8=
28,20,0s7Er/6Z/VkLQhRToo0FZhnOd6I=,TVaM56E/vmG4YmjAjo+jj6fpRM8=
30,20,0s7Er/6Z/VkLQhRToo0FZhnOd6I=,TVaM56E/vmG4YmjAjo+jj6fpRM8=
27,24,0s7Er/6Z/VkLQhRToo0FZhnOd6I=,3UgBcFv/B44xnMjVdr+/qdbHfRU=
29,24,0s7Er/6Z/VkLQhRToo0FZhnOd6I=,3UgBcFv/B44xnMjVdr+/qdbHfRU=
28,21,0s7Er/6Z/VkLQhRToo0FZhnOd6I=,TVaM56E/vmG4YmjAjo+jj6fpRM8=
25,24,0s7Er/6Z/VkLQhRToo0FZhnOd6I=,3UgBcFv/B44xnMjVdr+/qdbHfRU=
29,21,0s7Er/6Z/VkLQhRToo0FZhnOd6I=,TVaM56E/vmG4YmjAjo+jj6fpRM8=
26,24,0s7Er/6Z/VkLQhRToo0FZhnOd6I=,3UgBcFv/B44xnMjVdr+/qdbHfRU=
28,24,0s7Er/6Z/VkLQhRToo0FZhnOd6I=,3UgBcFv/B44xnMjVdr+/qdbHfRU=
30,21,0s7Er/6Z/VkLQhRToo0FZhnOd6I=,TVaM56E/vmG4YmjAjo+jj6fpRM8=
29,20,0s7Er/6Z/VkLQhRToo0FZhnOd6I=,TVaM56E/vmG4YmjAjo+jj6fpRM8=
23,23,0s7Er/6Z/VkLQhRToo0FZhnOd6I=,IOhyy2iPjuB6qnxsLKd1L36YeX0=
24,19,0s7Er/6Z/VkLQhRToo0FZhnOd6I=,TVaM56E/vmG4YmjAjo+jj6fpRM8=
20,23,0s7Er/6Z/VkLQhRToo0FZhnOd6I=,IOhyy2iPjuB6qnxsLKd1L36YeX0=
18,23,0s7Er/6Z/VkLQhRToo0FZhnOd6I=,IOhyy2iPjuB6qnxsLKd1L36YeX0=
21,23,0s7Er/6Z/VkLQhRToo0FZhnOd6I=,IOhyy2iPjuB6qnxsLKd1L36YeX0=
24,22,0s7Er/6Z/VkLQhRToo0FZhnOd6I=,TVaM56E/vmG4YmjAjo+jj6fpRM8=
18,17,0s7Er/6Z/VkLQhRToo0FZhnOd6I=,IOhyy2iPjuB6qnxsLKd1L36YeX0=
21,18,0s7Er/6Z/VkLQhRToo0FZhnOd6I=,IOhyy2iPjuB6qnxsLKd1L36YeX0=
22,23,0s7Er/6Z/VkLQhRToo0FZhnOd6I=,IOhyy2iPjuB6qnxsLKd1L36YeX0=
19,23,0s7Er/6Z/VkLQhRToo0FZhnOd6I=,IOhyy2iPjuB6qnxsLKd1L36YeX0=
23,22,0s7Er/6Z/VkLQhRToo0FZhnOd6I=,IOhyy2iPjuB6qnxsLKd1L36YeX0=
17,23,0s7Er/6Z/VkLQhRToo0FZhnOd6I=,IOhyy2iPjuB6qnxsLKd1L36YeX0=
22,22,0s7Er/6Z/VkLQhRToo0FZhnOd6I=,IOhyy2iPjuB6qnxsLKd1L36YeX0=
21,22,0s7Er/6Z/VkLQhRToo0FZhnOd6I=,IOhyy2iPjuB6qnxsLKd1L36YeX0=
20,18,0s7Er/6Z/VkLQhRToo0FZhnOd6I=,IOhyy2iPjuB6qnxsLKd1L36YeX0=
24,18,0s7Er/6Z/VkLQhRToo0FZhnOd6I=,TVaM56E/vmG4YmjAjo+jj6fpRM8=
19,22,0s7Er/6Z/VkLQhRToo0FZhnOd6I=,IOhyy2iPjuB6qnxsLKd1L36YeX0=
24,23,0s7Er/6Z/VkLQhRToo0FZhnOd6I=,TVaM56E/vmG4YmjAjo+jj6fpRM8=
17,22,0s7Er/6Z/VkLQhRToo0FZhnOd6I=,IOhyy2iPjuB6qnxsLKd1L36YeX0=
18,21,0s7Er/6Z/VkLQhRToo0FZhnOd6I=,IOhyy2iPjuB6qnxsLKd1L36YeX0=
20,22,0s7Er/6Z/VkLQhRToo0FZhnOd6I=,IOhyy2iPjuB6qnxsLKd1L36YeX0=
18,22,0s7Er/6Z/VkLQhRToo0FZhnOd6I=,IOhyy2iPjuB6qnxsLKd1L36YeX0=
24,17,0s7Er/6Z/VkLQhRToo0FZhnOd6I=,TVaM56E/vmG4YmjAjo+jj6fpRM8=
20,21,0s7Er/6Z/VkLQhRToo0FZhnOd6I=,IOhyy2iPjuB6qnxsLKd1L36YeX0=
22,18,0s7Er/6Z/VkLQhRToo0FZhnOd6I=,IOhyy2iPjuB6qnxsLKd1L36YeX0=
22,21,0s7Er/6Z/VkLQhRToo0FZhnOd6I=,IOhyy2iPjuB6qnxsLKd1L36YeX0=
19,18,0s7Er/6Z/VkLQhRToo0FZhnOd6I=,IOhyy2iPjuB6qnxsLKd1L36YeX0=
21,21,0s7Er/6Z/VkLQhRToo0FZhnOd6I=,IOhyy2iPjuB6qnxsLKd1L36YeX0=
24,24,0s7Er/6Z/VkLQhRToo0FZhnOd6I=,3UgBcFv/B44xnMjVdr+/qdbHfRU=
21,24,0s7Er/6Z/VkLQhRToo0FZhnOd6I=,VXrFigRZC4YoVUxhsH3dVV3uJ7k=
23,24,0s7Er/6Z/VkLQhRToo0FZhnOd6I=,VXrFigRZC4YoVUxhsH3dVV3uJ7k=
23,17,0s7Er/6Z/VkLQhRToo0FZhnOd6I=,IOhyy2iPjuB6qnxsLKd1L36YeX0=
20,24,0s7Er/6Z/VkLQhRToo0FZhnOd6I=,VXrFigRZC4YoVUxhsH3dVV3uJ7k=
17,24,0s7Er/6Z/VkLQhRToo0FZhnOd6I=,VXrFigRZC4YoVUxhsH3dVV3uJ7k=
19,21,0s7Er/6Z/VkLQhRToo0FZhnOd6I=,IOhyy2iPjuB6qnxsLKd1L36YeX0=
23,21,0s7Er/6Z/VkLQhRToo0FZhnOd6I=,IOhyy2iPjuB6qnxsLKd1L36YeX0=
24,21,0s7Er/6Z/VkLQhRToo0FZhnOd6I=,TVaM56E/vmG4YmjAjo+jj6fpRM8=
22,24,0s7Er/6Z/VkLQhRToo0FZhnOd6I=,VXrFigRZC4YoVUxhsH3dVV3uJ7k=
19,24,0s7Er/6Z/VkLQhRToo0FZhnOd6I=,VXrFigRZC4YoVUxhsH3dVV3uJ7k=
22,20,0s7Er/6Z/VkLQhRToo0FZhnOd6I=,IOhyy2iPjuB6qnxsLKd1L36YeX0=
23,18,0s7Er/6Z/VkLQhRToo0FZhnOd6I=,IOhyy2iPjuB6qnxsLKd1L36YeX0=
18,24,0s7Er/6Z/VkLQhRToo0FZhnOd6I=,VXrFigRZC4YoVUxhsH3dVV3uJ7k=
17,17,0s7Er/6Z/VkLQhRToo0FZhnOd6I=,IOhyy2iPjuB6qnxsLKd1L36YeX0=
23,20,0s7Er/6Z/VkLQhRToo0FZhnOd6I=,IOhyy2iPjuB6qnxsLKd1L36YeX0=
22,19,0s7Er/6Z/VkLQhRToo0FZhnOd6I=,IOhyy2iPjuB6qnxsLKd1L36YeX0=
17,21,0s7Er/6Z/VkLQhRToo0FZhnOd6I=,IOhyy2iPjuB6qnxsLKd1L36YeX0=
24,20,0s7Er/6Z/VkLQhRToo0FZhnOd6I=,TVaM56E/vmG4YmjAjo+jj6fpRM8=
19,20,0s7Er/6Z/VkLQhRToo0FZhnOd6I=,IOhyy2iPjuB6qnxsLKd1L36YeX0=
21,20,0s7Er/6Z/VkLQhRToo0FZhnOd6I=,IOhyy2iPjuB6qnxsLKd1L36YeX0=
20,20,0s7Er/6Z/VkLQhRToo0FZhnOd6I=,IOhyy2iPjuB6qnxsLKd1L36YeX0=
17,18,0s7Er/6Z/VkLQhRToo0FZhnOd6I=,IOhyy2iPjuB6qnxsLKd1L36YeX0=
18,18,0s7Er/6Z/VkLQhRToo0FZhnOd6I=,IOhyy2iPjuB6qnxsLKd1L36YeX0=
17,20,0s7Er/6Z/VkLQhRToo0FZhnOd6I=,IOhyy2iPjuB6qnxsLKd1L36YeX0=
22,17,0s7Er/6Z/VkLQhRToo0FZhnOd6I=,IOhyy2iPjuB6qnxsLKd1L36YeX0=
23,19,0s7Er/6Z/VkLQhRToo0FZhnOd6I=,IOhyy2iPjuB6qnxsLKd1L36YeX0=
18,20,0s7Er/6Z/VkLQhRToo0FZhnOd6I=,IOhyy2iPjuB6qnxsLKd1L36YeX0=
21,19,0s7Er/6Z/VkLQhRToo0FZhnOd6I=,IOhyy2iPjuB6qnxsLKd1L36YeX0=
19,17,0s7Er/6Z/VkLQhRToo0FZhnOd6I=,IOhyy2iPjuB6qnxsLKd1L36YeX0=
20,19,0s7Er/6Z/VkLQhRToo0FZhnOd6I=,IOhyy2iPjuB6qnxsLKd1L36YeX0=
19,19,0s7Er/6Z/VkLQhRToo0FZhnOd6I=,IOhyy2iPjuB6qnxsLKd1L36YeX0=
18,19,0s7Er/6Z/VkLQhRToo0FZhnOd6I=,IOhyy2iPjuB6qnxsLKd1L36YeX0=
17,19,0s7Er/6Z/VkLQhRToo0FZhnOd6I=,IOhyy2iPjuB6qnxsLKd1L36YeX0=
21,17,0s7Er/6Z/VkLQhRToo0FZhnOd6I=,IOhyy2iPjuB6qnxsLKd1L36YeX0=
20,17,0s7Er/6Z/VkLQhRToo0FZhnOd6I=,IOhyy2iPjuB6qnxsLKd1L36YeX0=
31,27,0s7Er/6Z/VkLQhRToo0FZhnOd6I=,3UgBcFv/B44xnMjVdr+/qdbHfRU=
31,28,0s7Er/6Z/VkLQhRToo0FZhnOd6I=,3UgBcFv/B44xnMjVdr+/qdbHfRU=
31,29,0s7Er/6Z/VkLQhRToo0FZhnOd6I=,3UgBcFv/B44xnMjVdr+/qdbHfRU=
31,25,0s7Er/6Z/VkLQhRToo0FZhnOd6I=,3UgBcFv/B44xnMjVdr+/qdbHfRU=
31,30,0s7Er/6Z/VkLQhRToo0FZhnOd6I=,3UgBcFv/B44xnMjVdr+/qdbHfRU=
26,31,0s7Er/6Z/VkLQhRToo0FZhnOd6I=,3UgBcFv/B44xnMjVdr+/qdbHfRU=
27,31,0s7Er/6Z/VkLQhRToo0FZhnOd6I=,3UgBcFv/B44xnMjVdr+/qdbHfRU=
28,31,0s7Er/6Z/VkLQhRToo0FZhnOd6I=,3UgBcFv/B44xnMjVdr+/qdbHfRU=
31,26,0s7Er/6Z/VkLQhRToo0FZhnOd6I=,3UgBcFv/B44xnMjVdr+/qdbHfRU=
25,31,0s7Er/6Z/VkLQhRToo0FZhnOd6I=,3UgBcFv/B44xnMjVdr+/qdbHfRU=
30,31,0s7Er/6Z/VkLQhRToo0FZhnOd6I=,3UgBcFv/B44xnMjVdr+/qdbHfRU=
31,24,0s7Er/6Z/VkLQhRToo0FZhnOd6I=,3UgBcFv/B44xnMjVdr+/qdbHfRU=
31,17,0s7Er/6Z/VkLQhRToo0FZhnOd6I=,TVaM56E/vmG4YmjAjo+jj6fpRM8=
29,31,0s7Er/6Z/VkLQhRToo0FZhnOd6I=,3UgBcFv/B44xnMjVdr+/qdbHfRU=
19,31,0s7Er/6Z/VkLQhRToo0FZhnOd6I=,VXrFigRZC4YoVUxhsH3dVV3uJ7k=
20,31,0s7Er/6Z/VkLQhRToo0FZhnOd6I=,VXrFigRZC4YoVUxhsH3dVV3uJ7k=
24,31,0s7Er/6Z/VkLQhRToo0FZhnOd6I=,3UgBcFv/B44xnMjVdr+/qdbHfRU=
31,18,0s7Er/6Z/VkLQhRToo0FZhnOd6I=,TVaM56E/vmG4YmjAjo+jj6fpRM8=
31,23,0s7Er/6Z/VkLQhRToo0FZhnOd6I=,TVaM56E/vmG4YmjAjo+jj6fpRM8=
18,31,0s7Er/6Z/VkLQhRToo0FZhnOd6I=,VXrFigRZC4YoVUxhsH3dVV3uJ7k=
23,31,0s7Er/6Z/VkLQhRToo0FZhnOd6I=,VXrFigRZC4YoVUxhsH3dVV3uJ7k=
21,31,0s7Er/6Z/VkLQhRToo0FZhnOd6I=,VXrFigRZC4YoVUxhsH3dVV3uJ7k=
31,22,0s7Er/6Z/VkLQhRToo0FZhnOd6I=,TVaM56E/vmG4YmjAjo+jj6fpRM8=
31,20,0s7Er/6Z/VkLQhRToo0FZhnOd6I=,TVaM56E/vmG4YmjAjo+jj6fpRM8=
22,31,0s7Er/6Z/VkLQhRToo0FZhnOd6I=,VXrFigRZC4YoVUxhsH3dVV3uJ7k=
31,21,0s7Er/6Z/VkLQhRToo0FZhnOd6I=,TVaM56E/vmG4YmjAjo+jj6fpRM8=
31,19,0s7Er/6Z/VkLQhRToo0FZhnOd6I=,TVaM56E/vmG4YmjAjo+jj6fpRM8=
17,31,0s7Er/6Z/VkLQhRToo0FZhnOd6I=,VXrFigRZC4YoVUxhsH3dVV3uJ7k=
31,31,0s7Er/6Z/VkLQhRToo0FZhnOd6I=,3UgBcFv/B44xnMjVdr+/qdbHfRU=
16,27,0s7Er/6Z/VkLQhRToo0FZhnOd6I=,VXrFigRZC4YoVUxhsH3dVV3uJ7k=
16,26,0s7Er/6Z/VkLQhRToo0FZhnOd6I=,VXrFigRZC4YoVUxhsH3dVV3uJ7k=
16,25,0s7Er/6Z/VkLQhRToo0FZhnOd6I=,VXrFigRZC4YoVUxhsH3dVV3uJ7k=
16,30,0s7Er/6Z/VkLQhRToo0FZhnOd6I=,VXrFigRZC4YoVUxhsH3dVV3uJ7k=
16,28,0s7Er/6Z/VkLQhRToo0FZhnOd6I=,VXrFigRZC4YoVUxhsH3dVV3uJ7k=
16,29,0s7Er/6Z/VkLQhRToo0FZhnOd6I=,VXrFigRZC4YoVUxhsH3dVV3uJ7k=
16,24,0s7Er/6Z/VkLQhRToo0FZhnOd6I=,VXrFigRZC4YoVUxhsH3dVV3uJ7k=
16,23,0s7Er/6Z/VkLQhRToo0FZhnOd6I=,IOhyy2iPjuB6qnxsLKd1L36YeX0=
16,31,0s7Er/6Z/VkLQhRToo0FZhnOd6I=,VXrFigRZC4YoVUxhsH3dVV3uJ7k=
16,17,0s7Er/6Z/VkLQhRToo0FZhnOd6I=,IOhyy2iPjuB6qnxsLKd1L36YeX0=
16,21,0s7Er/6Z/VkLQhRToo0FZhnOd6I=,IOhyy2iPjuB6qnxsLKd1L36YeX0=
18,16,0s7Er/6Z/VkLQhRToo0FZhnOd6I=,IOhyy2iPjuB6qnxsLKd1L36YeX0=
16,22,0s7Er/6Z/VkLQhRToo0FZhnOd6I=,IOhyy2iPjuB6qnxsLKd1L36YeX0=
16,18,0s7Er/6Z/VkLQhRToo0FZhnOd6I=,IOhyy2iPjuB6qnxsLKd1L36YeX0=
16,20,0s7Er/6Z/VkLQhRToo0FZhnOd6I=,IOhyy2iPjuB6qnxsLKd1L36YeX0=
17,16,0s7Er/6Z/VkLQhRToo0FZhnOd6I=,IOhyy2iPjuB6qnxsLKd1L36YeX0=
19,16,0s7Er/6Z/VkLQhRToo0FZhnOd6I=,IOhyy2iPjuB6qnxsLKd1L36YeX0=
16,19,0s7Er/6Z/VkLQhRToo0FZhnOd6I=,IOhyy2iPjuB6qnxsLKd1L36YeX0=
20,16,0s7Er/6Z/VkLQhRToo0FZhnOd6I=,IOhyy2iPjuB6qnxsLKd1L36YeX0=
22,16,0s7Er/6Z/VkLQhRToo0FZhnOd6I=,IOhyy2iPjuB6qnxsLKd1L36YeX0=
29,16,0s7Er/6Z/VkLQhRToo0FZhnOd6I=,TVaM56E/vmG4YmjAjo+jj6fpRM8=
23,16,0s7Er/6Z/VkLQhRToo0FZhnOd6I=,IOhyy2iPjuB6qnxsLKd1L36YeX0=
27,16,0s7Er/6Z/VkLQhRToo0FZhnOd6I=,TVaM56E/vmG4YmjAjo+jj6fpRM8=
21,16,0s7Er/6Z/VkLQhRToo0FZhnOd6I=,IOhyy2iPjuB6qnxsLKd1L36YeX0=
30,16,0s7Er/6Z/VkLQhRToo0FZhnOd6I=,TVaM56E/vmG4YmjAjo+jj6fpRM8=
28,16,0s7Er/6Z/VkLQhRToo0FZhnOd6I=,TVaM56E/vmG4YmjAjo+jj6fpRM8=
24,16,0s7Er/6Z/VkLQhRToo0FZhnOd6I=,TVaM56E/vmG4YmjAjo+jj6fpRM8=
25,16,0s7Er/6Z/VkLQhRToo0FZhnOd6I=,TVaM56E/vmG4YmjAjo+jj6fpRM8=
26,16,0s7Er/6Z/VkLQhRToo0FZhnOd6I=,TVaM56E/vmG4YmjAjo+jj6fpRM8=
31,16,0s7Er/6Z/VkLQhRToo0FZhnOd6I=,TVaM56E/vmG4YmjAjo+jj6fpRM8=
16,16,0s7Er/6Z/VkLQhRToo0FZhnOd6I=,IOhyy2iPjuB6qnxsLKd1L36YeX0=
28,13,0s7Er/6Z/VkLQhRToo0FZhnOd6I=,NSyEGR09IucJdmWYX/jFFgcTJn4=
27,13,0s7Er/6Z/VkLQhRToo0FZhnOd6I=,NSyEGR09IucJdmWYX/jFFgcTJn4=
30,12,0s7Er/6Z/VkLQhRToo0FZhnOd6I=,NSyEGR09IucJdmWYX/jFFgcTJn4=
29,12,0s7Er/6Z/VkLQhRToo0FZhnOd6I=,NSyEGR09IucJdmWYX/jFFgcTJn4=
26,13,0s7Er/6Z/VkLQhRToo0FZhnOd6I=,NSyEGR09IucJdmWYX/jFFgcTJn4=
28,12,0s7Er/6Z/VkLQhRToo0FZhnOd6I=,NSyEGR09IucJdmWYX/jFFgcTJn4=
27,12,0s7Er/6Z/VkLQhRToo0FZhnOd6I=,NSyEGR09IucJdmWYX/jFFgcTJn4=
25,13,0s7Er/6Z/VkLQhRToo0FZhnOd6I=,NSyEGR09IucJdmWYX/jFFgcTJn4=
25,12,0s7Er/6Z/VkLQhRToo0FZhnOd6I=,NSyEGR09IucJdmWYX/jFFgcTJn4=
26,12,0s7Er/6Z/VkLQhRToo0FZhnOd6I=,NSyEGR09IucJdmWYX/jFFgcTJn4=
30,11,0s7Er/6Z/VkLQhRToo0FZhnOd6I=,NSyEGR09IucJdmWYX/jFFgcTJn4=
30,14,0s7Er/6Z/VkLQhRToo0FZhnOd6I=,NSyEGR09IucJdmWYX/jFFgcTJn4=
28,14,0s7Er/6Z/VkLQhRToo0FZhnOd6I=,NSyEGR09IucJdmWYX/jFFgcTJn4=
27,14,0s7Er/6Z/VkLQhRToo0FZhnOd6I=,NSyEGR09IucJdmWYX/jFFgcTJn4=
26,11,0s7Er/6Z/VkLQhRToo0FZhnOd6I=,NSyEGR09IucJdmWYX/jFFgcTJn4=
29,14,0s7Er/6Z/VkLQhRToo0FZhnOd6I=,NSyEGR09IucJdmWYX/jFFgcTJn4=
28,11,0s7Er/6Z/VkLQhRToo0FZhnOd6I=,NSyEGR09IucJdmWYX/jFFgcTJn4=
25,11,0s7Er/6Z/VkLQhRToo0FZhnOd6I=,NSyEGR09IucJdmWYX/jFFgcTJn4=
29,11,0s7Er/6Z/VkLQhRToo0FZhnOd6I=,NSyEGR09IucJdmWYX/jFFgcTJn4=
27,11,0s7Er/6Z/VkLQhRToo0FZhnOd6I=,NSyEGR09IucJdmWYX/jFFgcTJn4=
26,10,0s7Er/6Z/VkLQhRToo0FZhnOd6I=,NSyEGR09IucJdmWYX/jFFgcTJn4=
28,10,0s7Er/6Z/VkLQhRToo0FZhnOd6I=,NSyEGR09IucJdmWYX/jFFgcTJn4=
25,14,0s7Er/6Z/VkLQhRToo0FZhnOd6I=,NSyEGR09IucJdmWYX/jFFgcTJn4=
27,10,0s7Er/6Z/VkLQhRToo0FZhnOd6I=,NSyEGR09IucJdmWYX/jFFgcTJn4=
30,10,0s7Er/6Z/VkLQhRToo0FZhnOd6I=,NSyEGR09IucJdmWYX/jFFgcTJn4=
29,10,0s7Er/6Z/VkLQhRToo0FZhnOd6I=,NSyEGR09IucJdmWYX/jFFgcTJn4=
30,9,0s7Er/6Z/VkLQhRToo0FZhnOd6I=,NSyEGR09IucJdmWYX/jFFgcTJn4=
25,9,0s7Er/6Z/VkLQhRToo0FZhnOd6I=,NSyEGR09IucJdmWYX/jFFgcTJn4=
29,13,0s7Er/6Z/VkLQhRToo0FZhnOd6I=,NSyEGR09IucJdmWYX/jFFgcTJn4=
29,9,0s7Er/6Z/VkLQhRToo0FZhnOd6I=,NSyEGR09IucJdmWYX/jFFgcTJn4=
27,9,0s7Er/6Z/VkLQhRToo0FZhnOd6I=,NSyEGR09IucJdmWYX/jFFgcTJn4=
25,10,0s7Er/6Z/VkLQhRToo0FZhnOd6I=,NSyEGR09IucJdmWYX/jFFgcTJn4=
28,9,0s7Er/6Z/VkLQhRToo0FZhnOd6I=,NSyEGR09IucJdmWYX/jFFgcTJn4=
26,9,0s7Er/6Z/VkLQhRToo0FZhnOd6I=,NSyEGR09IucJdmWYX/jFFgcTJn4=
30,13,0s7Er/6Z/VkLQhRToo0FZhnOd6I=,NSyEGR09IucJdmWYX/jFFgcTJn4=
30,2,0s7Er/6Z/VkLQhRToo0FZhnOd6I=,Dh8PmVWLPM3LHuxdawVX7ASgBFw=
29,7,0s7Er/6Z/VkLQhRToo0FZhnOd6I=,Dh8PmVWLPM3LHuxdawVX7ASgBFw=
28,2,0s7Er/6Z/VkLQhRToo0FZhnOd6I=,Dh8PmVWLPM3LHuxdawVX7ASgBFw=
29,2,0s7Er/6Z/VkLQhRToo0FZhnOd6I=,Dh8PmVWLPM3LHuxdawVX7ASgBFw=
28,7,0s7Er/6Z/VkLQhRToo0FZhnOd6I=,Dh8PmVWLPM3LHuxdawVX7ASgBFw=
26,14,0s7Er/6Z/VkLQhRToo0FZhnOd6I=,NSyEGR09IucJdmWYX/jFFgcTJn4=
30,7,0s7Er/6Z/VkLQhRToo0FZhnOd6I=,Dh8PmVWLPM3LHuxdawVX7ASgBFw=
26,7,0s7Er/6Z/VkLQhRToo0FZhnOd6I=,Dh8PmVWLPM3LHuxdawVX7ASgBFw=
28,3,0s7Er/6Z/VkLQhRToo0FZhnOd6I=,Dh8PmVWLPM3LHuxdawVX7ASgBFw=
29,3,0s7Er/6Z/VkLQhRToo0FZhnOd6I=,Dh8PmVWLPM3LHuxdawVX7ASgBFw=
27,2,0s7Er/6Z/VkLQhRToo0FZhnOd6I=,Dh8PmVWLPM3LHuxdawVX7ASgBFw=
29,6,0s7Er/6Z/VkLQhRToo0FZhnOd6I=,Dh8PmVWLPM3LHuxdawVX7ASgBFw=
27,7,0s7Er/6Z/VkLQhRToo0FZhnOd6I=,Dh8PmVWLPM3LHuxdawVX7ASgBFw=
28,6,0s7Er/6Z/VkLQhRToo0FZhnOd6I=,Dh8PmVWLPM3LHuxdawVX7ASgBFw=
25,8,0s7Er/6Z/VkLQhRToo0FZhnOd6I=,NSyEGR09IucJdmWYX/jFFgcTJn4=
26,8,0s7Er/6Z/VkLQhRToo0FZhnOd6I=,NSyEGR09IucJdmWYX/jFFgcTJn4=
28,8,0s7Er/6Z/VkLQhRToo0FZhnOd6I=,NSyEGR09IucJdmWYX/jFFgcTJn4=
27,8,0s7Er/6Z/VkLQhRToo0FZhnOd6I=,NSyEGR09IucJdmWYX/jFFgcTJn4=
30,8,0s7Er/6Z/VkLQhRToo0FZhnOd6I=,NSyEGR09IucJdmWYX/jFFgcTJn4=
30,3,0s7Er/6Z/VkLQhRToo0FZhnOd6I=,Dh8PmVWLPM3LHuxdawVX7ASgBFw=
26,3,0s7Er/6Z/VkLQhRToo0FZhnOd6I=,Dh8PmVWLPM3LHuxdawVX7ASgBFw=
25,7,0s7Er/6Z/VkLQhRToo0FZhnOd6I=,Dh8PmVWLPM3LHuxdawVX7ASgBFw=
25,3,0s7Er/6Z/VkLQhRToo0FZhnOd6I=,Dh8PmVWLPM3LHuxdawVX7ASgBFw=
29,8,0s7Er/6Z/VkLQhRToo0FZhnOd6I=,NSyEGR09IucJdmWYX/jFFgcTJn4=
26,6,0s7Er/6Z/VkLQhRToo0FZhnOd6I=,Dh8PmVWLPM3LHuxdawVX7ASgBFw=
27,6,0s7Er/6Z/VkLQhRToo0FZhnOd6I=,Dh8PmVWLPM3LHuxdawVX7ASgBFw=
29,1,0s7Er/6Z/VkLQhRToo0FZhnOd6I=,Dh8PmVWLPM3LHuxdawVX7ASgBFw=
25,2,0s7Er/6Z/VkLQhRToo0FZhnOd6I=,Dh8PmVWLPM3LHuxdawVX7ASgBFw=
27,3,0s7Er/6Z/VkLQhRToo0FZhnOd6I=,Dh8PmVWLPM3LHuxdawVX7ASgBFw=
30,1,0s7Er/6Z/VkLQhRToo0FZhnOd6I=,Dh8PmVWLPM3LHuxdawVX7ASgBFw=
27,1,0s7Er/6Z/VkLQhRToo0FZhnOd6I=,Dh8PmVWLPM3LHuxdawVX7ASgBFw=
26,2,0s7Er/6Z/VkLQhRToo0FZhnOd6I=,Dh8PmVWLPM3LHuxdawVX7ASgBFw=
28,1,0s7Er/6Z/VkLQhRToo0FZhnOd6I=,Dh8PmVWLPM3LHuxdawVX7ASgBFw=
25,4,0s7Er/6Z/VkLQhRToo0FZhnOd6I=,Dh8PmVWLPM3LHuxdawVX7ASgBFw=
25,6,0s7Er/6Z/VkLQhRToo0FZhnOd6I=,Dh8PmVWLPM3LHuxdawVX7ASgBFw=
27,5,0s7Er/6Z/VkLQhRToo0FZhnOd6I=,Dh8PmVWLPM3LHuxdawVX7ASgBFw=
28,5,0s7Er/6Z/VkLQhRToo0FZhnOd6I=,Dh8PmVWLPM3LHuxdawVX7ASgBFw=
30,4,0s7Er/6Z/VkLQhRToo0FZhnOd6I=,Dh8PmVWLPM3LHuxdawVX7ASgBFw=
26,4,0s7Er/6Z/VkLQhRToo0FZhnOd6I=,Dh8PmVWLPM3LHuxdawVX7ASgBFw=
26,1,0s7Er/6Z/VkLQhRToo0FZhnOd6I=,Dh8PmVWLPM3LHuxdawVX7ASgBFw=
30,6,0s7Er/6Z/VkLQhRToo0FZhnOd6I=,Dh8PmVWLPM3LHuxdawVX7ASgBFw=
26,5,0s7Er/6Z/VkLQhRToo0FZhnOd6I=,Dh8PmVWLPM3LHuxdawVX7ASgBFw=
30,5,0s7Er/6Z/VkLQhRToo0FZhnOd6I=,Dh8PmVWLPM3LHuxdawVX7ASgBFw=
25,5,0s7Er/6Z/VkLQhRToo0FZhnOd6I=,Dh8PmVWLPM3LHuxdawVX7ASgBFw=
29,5,0s7Er/6Z/VkLQhRToo0FZhnOd6I=,Dh8PmVWLPM3LHuxdawVX7ASgBFw=
27,4,0s7Er/6Z/VkLQhRToo0FZhnOd6I=,Dh8PmVWLPM3LHuxdawVX7ASgBFw=
29,4,0s7Er/6Z/VkLQhRToo0FZhnOd6I=,Dh8PmVWLPM3LHuxdawVX7ASgBFw=
25,1,0s7Er/6Z/VkLQhRToo0FZhnOd6I=,Dh8PmVWLPM3LHuxdawVX7ASgBFw=
28,4,0s7Er/6Z/VkLQhRToo0FZhnOd6I=,Dh8PmVWLPM3LHuxdawVX7ASgBFw=
23,14,0s7Er/6Z/VkLQhRToo0FZhnOd6I=,VXh/+E6dp4pQwIRqMHvoHA3GWLU=
24,9,0s7Er/6Z/VkLQhRToo0FZhnOd6I=,NSyEGR09IucJdmWYX/jFFgcTJn4=
23,13,0s7Er/6Z/VkLQhRToo0FZhnOd6I=,VXh/+E6dp4pQwIRqMHvoHA3GWLU=
24,13,0s7Er/6Z/VkLQhRToo0FZhnOd6I=,NSyEGR09IucJdmWYX/jFFgcTJn4=
22,14,0s7Er/6Z/VkLQhRToo0FZhnOd6I=,VXh/+E6dp4pQwIRqMHvoHA3GWLU=
24,10,0s7Er/6Z/VkLQhRToo0FZhnOd6I=,NSyEGR09IucJdmWYX/jFFgcTJn4=
24,14,0s7Er/6Z/VkLQhRToo0FZhnOd6I=,NSyEGR09IucJdmWYX/jFFgcTJn4=
17,14,0s7Er/6Z/VkLQhRToo0FZhnOd6I=,VXh/+E6dp4pQwIRqMHvoHA3GWLU=
18,14,0s7Er/6Z/VkLQhRToo0FZhnOd6I=,VXh/+E6dp4pQwIRqMHvoHA3GWLU=
19,14,0s7Er/6Z/VkLQhRToo0FZhnOd6I=,VXh/+E6dp4pQwIRqMHvoHA3GWLU=
21,14,0s7Er/6Z/VkLQhRToo0FZhnOd6I=,VXh/+E6dp4pQwIRqMHvoHA3GWLU=
20,14,0s7Er/6Z/VkLQhRToo0FZhnOd6I=,VXh/+E6dp4pQwIRqMHvoHA3GWLU=
17,9,0s7Er/6Z/VkLQhRToo0FZhnOd6I=,VXh/+E6dp4pQwIRqMHvoHA3GWLU=
18,13,0s7Er/6Z/VkLQhRToo0FZhnOd6I=,VXh/+E6dp4pQwIRqMHvoHA3GWLU=
22,13,0s7Er/6Z/VkLQhRToo0FZhnOd6I=,VXh/+E6dp4pQwIRqMHvoHA3GWLU=
17,13,0s7Er/6Z/VkLQhRToo0FZhnOd6I=,VXh/+E6dp4pQwIRqMHvoHA3GWLU=
19,13,0s7Er/6Z/VkLQhRToo0FZhnOd6I=,VXh/+E6dp4pQwIRqMHvoHA3GWLU=
23,12,0s7Er/6Z/VkLQhRToo0FZhnOd6I=,VXh/+E6dp4pQwIRqMHvoHA3GWLU=
24,12,0s7Er/6Z/VkLQhRToo0FZhnOd6I=,NSyEGR09IucJdmWYX/jFFgcTJn4=
18,9,0s7Er/6Z/VkLQhRToo0FZhnOd6I=,VXh/+E6dp4pQwIRqMHvoHA3GWLU=
21,12,0s7Er/6Z/VkLQhRToo0FZhnOd6I=,VXh/+E6dp4pQwIRqMHvoHA3GWLU=
19,11,0s7Er/6Z/VkLQhRToo0FZhnOd6I=,VXh/+E6dp4pQwIRqMHvoHA3GWLU=
22,12,0s7Er/6Z/VkLQhRToo0FZhnOd6I=,VXh/+E6dp4pQwIRqMHvoHA3GWLU=
19,9,0s7Er/6Z/VkLQhRToo0FZhnOd6I=,VXh/+E6dp4pQwIRqMHvoHA3GWLU=
20,13,0s7Er/6Z/VkLQhRToo0FZhnOd6I=,VXh/+E6dp4pQwIRqMHvoHA3GWLU=
21,13,0s7Er/6Z/VkLQhRToo0FZhnOd6I=,VXh/+E6dp4pQwIRqMHvoHA3GWLU=
17,12,0s7Er/6Z/VkLQhRToo0FZhnOd6I=,VXh/+E6dp4pQwIRqMHvoHA3GWLU=
19,10,0s7Er/6Z/VkLQhRToo0FZhnOd6I=,VXh/+E6dp4pQwIRqMHvoHA3GWLU=
18,10,0s7Er/6Z/VkLQhRToo0FZhnOd6I=,VXh/+E6dp4pQwIRqMHvoHA3GWLU=
19,12,0s7Er/6Z/VkLQhRToo0FZhnOd6I=,VXh/+E6dp4pQwIRqMHvoHA3GWLU=
18,11,0s7Er/6Z/VkLQhRToo0FZhnOd6I=,VXh/+E6dp4pQwIRqMHvoHA3GWLU=
20,11,0s7Er/6Z/VkLQhRToo0FZhnOd6I=,VXh/+E6dp4pQwIRqMHvoHA3GWLU=
21,10,0s7Er/6Z/VkLQhRToo0FZhnOd6I=,VXh/+E6dp4pQwIRqMHvoHA3GWLU=
22,10,0s7Er/6Z/VkLQhRToo0FZhnOd6I=,VXh/+E6dp4pQwIRqMHvoHA3GWLU=
22,9,0s7Er/6Z/VkLQhRToo0FZhnOd6I=,VXh/+E6dp4pQwIRqMHvoHA3GWLU=
18,12,0s7Er/6Z/VkLQhRToo0FZhnOd6I=,VXh/+E6dp4pQwIRqMHvoHA3GWLU=
21,11,0s7Er/6Z/VkLQhRToo0FZhnOd6I=,VXh/+E6dp4pQwIRqMHvoHA3GWLU=
21,6,0s7Er/6Z/VkLQhRToo0FZhnOd6I=,0FUDzqCi5XWqyotrbbhnLPN+TSY=
24,11,0s7Er/6Z/VkLQhRToo0FZhnOd6I=,NSyEGR09IucJdmWYX/jFFgcTJn4=
20,7,0s7Er/6Z/VkLQhRToo0FZhnOd6I=,0FUDzqCi5XWqyotrbbhnLPN+TSY=
21,7,0s7Er/6Z/VkLQhRToo0FZhnOd6I=,0FUDzqCi5XWqyotrbbhnLPN+TSY=
24,3,0s7Er/6Z/VkLQhRToo0FZhnOd6I=,Dh8PmVWLPM3LHuxdawVX7ASgBFw=
20,10,0s7Er/6Z/VkLQhRToo0FZhnOd6I=,VXh/+E6dp4pQwIRqMHvoHA3GWLU=
17,11,0s7Er/6Z/VkLQhRToo0FZhnOd6I=,VXh/+E6dp4pQwIRqMHvoHA3GWLU=
23,11,0s7Er/6Z/VkLQhRToo0FZhnOd6I=,VXh/+E6dp4pQwIRqMHvoHA3GWLU=
20,9,0s7Er/6Z/VkLQhRToo0FZhnOd6I=,VXh/+E6dp4pQwIRqMHvoHA3GWLU=
23,9,0s7Er/6Z/VkLQhRToo0FZhnOd6I=,VXh/+E6dp4pQwIRqMHvoHA3GWLU=
23,10,0s7Er/6Z/VkLQhRToo0FZhnOd6I=,VXh/+E6dp4pQwIRqMHvoHA3GWLU=
19,7,0s7Er/6Z/VkLQhRToo0FZhnOd6I=,0FUDzqCi5XWqyotrbbhnLPN+TSY=
21,9,0s7Er/6Z/VkLQhRToo0FZhnOd6I=,VXh/+E6dp4pQwIRqMHvoHA3GWLU=
20,5,0s7Er/6Z/VkLQhRToo0FZhnOd6I=,0FUDzqCi5XWqyotrbbhnLPN+TSY=
23,4,0s7Er/6Z/VkLQhRToo0FZhnOd6I=,0FUDzqCi5XWqyotrbbhnLPN+TSY=
17,5,0s7Er/6Z/VkLQhRToo0FZhnOd6I=,0FUDzqCi5XWqyotrbbhnLPN+TSY=
22,11,0s7Er/6Z/VkLQhRToo0FZhnOd6I=,VXh/+E6dp4pQwIRqMHvoHA3GWLU=
20,6,0s7Er/6Z/VkLQhRToo0FZhnOd6I=,0FUDzqCi5XWqyotrbbhnLPN+TSY=
20,12,0s7Er/6Z/VkLQhRToo0FZhnOd6I=,VXh/+E6dp4pQwIRqMHvoHA3GWLU=
21,5,0s7Er/6Z/VkLQhRToo0FZhnOd6I=,0FUDzqCi5XWqyotrbbhnLPN+TSY=
17,10,0s7Er/6Z/VkLQhRToo0FZhnOd6I=,VXh/+E6dp4pQwIRqMHvoHA3GWLU=
18,7,0s7Er/6Z/VkLQhRToo0FZhnOd6I=,0FUDzqCi5XWqyotrbbhnLPN+TSY=
23,3,0s7Er/6Z/VkLQhRToo0FZhnOd6I=,0FUDzqCi5XWqyotrbbhnLPN+TSY=
24,2,0s7Er/6Z/VkLQhRToo0FZhnOd6I=,Dh8PmVWLPM3LHuxdawVX7ASgBFw=
17,2,0s7Er/6Z/VkLQhRToo0FZhnOd6I=,0FUDzqCi5XWqyotrbbhnLPN+TSY=
18,5,0s7Er/6Z/VkLQhRToo0FZhnOd6I=,0FUDzqCi5XWqyotrbbhnLPN+TSY=
17,4,0s7Er/6Z/VkLQhRToo0FZhnOd6I=,0FUDzqCi5XWqyotrbbhnLPN+TSY=
21,4,0s7Er/6Z/VkLQhRToo0FZhnOd6I=,0FUDzqCi5XWqyotrbbhnLPN+TSY=
24,6,0s7Er/6Z/VkLQhRToo0FZhnOd6I=,Dh8PmVWLPM3LHuxdawVX7ASgBFw=
22,7,0s7Er/6Z/VkLQhRToo0FZhnOd6I=,0FUDzqCi5XWqyotrbbhnLPN+TSY=
19,6,0s7Er/6Z/VkLQhRToo0FZhnOd6I=,0FUDzqCi5XWqyotrbbhnLPN+TSY=
19,5,0s7Er/6Z/VkLQhRToo0FZhnOd6I=,0FUDzqCi5XWqyotrbbhnLPN+TSY=
17,1,0s7Er/6Z/VkLQhRToo0FZhnOd6I=,0FUDzqCi5XWqyotrbbhnLPN+TSY=
18,4,0s7Er/6Z/VkLQhRToo0FZhnOd6I=,0FUDzqCi5XWqyotrbbhnLPN+TSY=
22,4,0s7Er/6Z/VkLQhRToo0FZhnOd6I=,0FUDzqCi5XWqyotrbbhnLPN+TSY=
17,7,0s7Er/6Z/VkLQhRToo0FZhnOd6I=,0FUDzqCi5XWqyotrbbhnLPN+TSY=
24,7,0s7Er/6Z/VkLQhRToo0FZhnOd6I=,Dh8PmVWLPM3LHuxdawVX7ASgBFw=
22,3,0s7Er/6Z/VkLQhRToo0FZhnOd6I=,0FUDzqCi5XWqyotrbbhnLPN+TSY=
24,5,0s7Er/6Z/VkLQhRToo0FZhnOd6I=,Dh8PmVWLPM3LHuxdawVX7ASgBFw=
18,6,0s7Er/6Z/VkLQhRToo0FZhnOd6I=,0FUDzqCi5XWqyotrbbhnLPN+TSY=
23,5,0s7Er/6Z/VkLQhRToo0FZhnOd6I=,0FUDzqCi5XWqyotrbbhnLPN+TSY=
17,6,0s7Er/6Z/VkLQhRToo0FZhnOd6I=,0FUDzqCi5XWqyotrbbhnLPN+TSY=
19,4,0s7Er/6Z/VkLQhRToo0FZhnOd6I=,0FUDzqCi5XWqyotrbbhnLPN+TSY=
20,4,0s7Er/6Z/VkLQhRToo0FZhnOd6I=,0FUDzqCi5XWqyotrbbhnLPN+TSY=
20,3,0s7Er/6Z/VkLQhRToo0FZhnOd6I=,0FUDzqCi5XWqyotrbbhnLPN+TSY=
23,7,0s7Er/6Z/VkLQhRToo0FZhnOd6I=,0FUDzqCi5XWqyotrbbhnLPN+TSY=
22,8,0s7Er/6Z/VkLQhRToo0FZhnOd6I=,VXh/+E6dp4pQwIRqMHvoHA3GWLU=
23,6,0s7Er/6Z/VkLQhRToo0FZhnOd6I=,0FUDzqCi5XWqyotrbbhnLPN+TSY=
24,1,0s7Er/6Z/VkLQhRToo0FZhnOd6I=,Dh8PmVWLPM3LHuxdawVX7ASgBFw=
19,3,0s7Er/6Z/VkLQhRToo0FZhnOd6I=,0FUDzqCi5XWqyotrbbhnLPN+TSY=
21,3,0s7Er/6Z/VkLQhRToo0FZhnOd6I=,0FUDzqCi5XWqyotrbbhnLPN+TSY=
24,4,0s7Er/6Z/VkLQhRToo0FZhnOd6I=,Dh8PmVWLPM3LHuxdawVX7ASgBFw=
23,8,0s7Er/6Z/VkLQhRToo0FZhnOd6I=,VXh/+E6dp4pQwIRqMHvoHA3GWLU=
23,1,0s7Er/6Z/VkLQhRToo0FZhnOd6I=,0FUDzqCi5XWqyotrbbhnLPN+TSY=
19,8,0s7Er/6Z/VkLQhRToo0FZhnOd6I=,VXh/+E6dp4pQwIRqMHvoHA3GWLU=
17,3,0s7Er/6Z/VkLQhRToo0FZhnOd6I=,0FUDzqCi5XWqyotrbbhnLPN+TSY=
18,8,0s7Er/6Z/VkLQhRToo0FZhnOd6I=,VXh/+E6dp4pQwIRqMHvoHA3GWLU=
23,2,0s7Er/6Z/VkLQhRToo0FZhnOd6I=,0FUDzqCi5XWqyotrbbhnLPN+TSY=
20,8,0s7Er/6Z/VkLQhRToo0FZhnOd6I=,VXh/+E6dp4pQwIRqMHvoHA3GWLU=
22,1,0s7Er/6Z/VkLQhRToo0FZhnOd6I=,0FUDzqCi5XWqyotrbbhnLPN+TSY=
22,5,0s7Er/6Z/VkLQhRToo0FZhnOd6I=,0FUDzqCi5XWqyotrbbhnLPN+TSY=
21,2,0s7Er/6Z/VkLQhRToo0FZhnOd6I=,0FUDzqCi5XWqyotrbbhnLPN+TSY=
21,8,0s7Er/6Z/VkLQhRToo0FZhnOd6I=,VXh/+E6dp4pQwIRqMHvoHA3GWLU=
22,2,0s7Er/6Z/VkLQhRToo0FZhnOd6I=,0FUDzqCi5XWqyotrbbhnLPN+TSY=
22,6,0s7Er/6Z/VkLQhRToo0FZhnOd6I=,0FUDzqCi5XWqyotrbbhnLPN+TSY=
20,2,0s7Er/6Z/VkLQhRToo0FZhnOd6I=,0FUDzqCi5XWqyotrbbhnLPN+TSY=
21,1,0s7Er/6Z/VkLQhRToo0FZhnOd6I=,0FUDzqCi5XWqyotrbbhnLPN+TSY=
18,3,0s7Er/6Z/VkLQhRToo0FZhnOd6I=,0FUDzqCi5XWqyotrbbhnLPN+TSY=
20,1,0s7Er/6Z/VkLQhRToo0FZhnOd6I=,0FUDzqCi5XWqyotrbbhnLPN+TSY=
24,8,0s7Er/6Z/VkLQhRToo0FZhnOd6I=,NSyEGR09IucJdmWYX/jFFgcTJn4=
19,2,0s7Er/6Z/VkLQhRToo0FZhnOd6I=,0FUDzqCi5XWqyotrbbhnLPN+TSY=
19,1,0s7Er/6Z/VkLQhRToo0FZhnOd6I=,0FUDzqCi5XWqyotrbbhnLPN+TSY=
17,8,0s7Er/6Z/VkLQhRToo0FZhnOd6I=,VXh/+E6dp4pQwIRqMHvoHA3GWLU=
18,1,0s7Er/6Z/VkLQhRToo0FZhnOd6I=,0FUDzqCi5XWqyotrbbhnLPN+TSY=
18,2,0s7Er/6Z/VkLQhRToo0FZhnOd6I=,0FUDzqCi5XWqyotrbbhnLPN+TSY=
31,12,0s7Er/6Z/VkLQhRToo0FZhnOd6I=,NSyEGR09IucJdmWYX/jFFgcTJn4=
31,14,0s7Er/6Z/VkLQhRToo0FZhnOd6I=,NSyEGR09IucJdmWYX/jFFgcTJn4=
31,8,0s7Er/6Z/VkLQhRToo0FZhnOd6I=,NSyEGR09IucJdmWYX/jFFgcTJn4=
31,3,0s7Er/6Z/VkLQhRToo0FZhnOd6I=,Dh8PmVWLPM3LHuxdawVX7ASgBFw=
31,4,0s7Er/6Z/VkLQhRToo0FZhnOd6I=,Dh8PmVWLPM3LHuxdawVX7ASgBFw=
31,11,0s7Er/6Z/VkLQhRToo0FZhnOd6I=,NSyEGR09IucJdmWYX/jFFgcTJn4=
29,15,0s7Er/6Z/VkLQhRToo0FZhnOd6I=,NSyEGR09IucJdmWYX/jFFgcTJn4=
31,2,0s7Er/6Z/VkLQhRToo0FZhnOd6I=,Dh8PmVWLPM3LHuxdawVX7ASgBFw=
30,15,0s7Er/6Z/VkLQhRToo0FZhnOd6I=,NSyEGR09IucJdmWYX/jFFgcTJn4=
31,9,0s7Er/6Z/VkLQhRToo0FZhnOd6I=,NSyEGR09IucJdmWYX/jFFgcTJn4=
31,1,0s7Er/6Z/VkLQhRToo0FZhnOd6I=,Dh8PmVWLPM3LHuxdawVX7ASgBFw=
31,13,0s7Er/6Z/VkLQhRToo0FZhnOd6I=,NSyEGR09IucJdmWYX/jFFgcTJn4=
28,15,0s7Er/6Z/VkLQhRToo0FZhnOd6I=,NSyEGR09IucJdmWYX/jFFgcTJn4=
19,15,0s7Er/6Z/VkLQhRToo0FZhnOd6I=,VXh/+E6dp4pQwIRqMHvoHA3GWLU=
17,15,0s7Er/6Z/VkLQhRToo0FZhnOd6I=,VXh/+E6dp4pQwIRqMHvoHA3GWLU=
27,15,0s7Er/6Z/VkLQhRToo0FZhnOd6I=,NSyEGR09IucJdmWYX/jFFgcTJn4=
31,10,0s7Er/6Z/VkLQhRToo0FZhnOd6I=,NSyEGR09IucJdmWYX/jFFgcTJn4=
23,15,0s7Er/6Z/VkLQhRToo0FZhnOd6I=,VXh/+E6dp4pQwIRqMHvoHA3GWLU=
31,5,0s7Er/6Z/VkLQhRToo0FZhnOd6I=,Dh8PmVWLPM3LHuxdawVX7ASgBFw=
18,15,0s7Er/6Z/VkLQhRToo0FZhnOd6I=,VXh/+E6dp4pQwIRqMHvoHA3GWLU=
25,15,0s7Er/6Z/VkLQhRToo0FZhnOd6I=,NSyEGR09IucJdmWYX/jFFgcTJn4=
24,15,0s7Er/6Z/VkLQhRToo0FZhnOd6I=,NSyEGR09IucJdmWYX/jFFgcTJn4=
31,7,0s7Er/6Z/VkLQhRToo0FZhnOd6I=,Dh8PmVWLPM3LHuxdawVX7ASgBFw=
20,15,0s7Er/6Z/VkLQhRToo0FZhnOd6I=,VXh/+E6dp4pQwIRqMHvoHA3GWLU=
26,15,0s7Er/6Z/VkLQhRToo0FZhnOd6I=,NSyEGR09IucJdmWYX/jFFgcTJn4=
22,15,0s7Er/6Z/VkLQhRToo0FZhnOd6I=,VXh/+E6dp4pQwIRqMHvoHA3GWLU=
21,15,0s7Er/6Z/VkLQhRToo0FZhnOd6I=,VXh/+E6dp4pQwIRqMHvoHA3GWLU=
31,6,0s7Er/6Z/VkLQhRToo0FZhnOd6I=,Dh8PmVWLPM3LHuxdawVX7ASgBFw=
16,4,0s7Er/6Z/VkLQhRToo0FZhnOd6I=,0FUDzqCi5XWqyotrbbhnLPN+TSY=
16,5,0s7Er/6Z/VkLQhRToo0FZhnOd6I=,0FUDzqCi5XWqyotrbbhnLPN+TSY=
16,11,0s7Er/6Z/VkLQhRToo0FZhnOd6I=,VXh/+E6dp4pQwIRqMHvoHA3GWLU=
16,10,0s7Er/6Z/VkLQhRToo0FZhnOd6I=,VXh/+E6dp4pQwIRqMHvoHA3GWLU=
30,0,0s7Er/6Z/VkLQhRToo0FZhnOd6I=,Dh8PmVWLPM3LHuxdawVX7ASgBFw=
29,0,0s7Er/6Z/VkLQhRToo0FZhnOd6I=,Dh8PmVWLPM3LHuxdawVX7ASgBFw=
27,0,0s7Er/6Z/VkLQhRToo0FZhnOd6I=,Dh8PmVWLPM3LHuxdawVX7ASgBFw=
28,0,0s7Er/6Z/VkLQhRToo0FZhnOd6I=,Dh8PmVWLPM3LHuxdawVX7ASgBFw=
25,0,0s7Er/6Z/VkLQhRToo0FZhnOd6I=,Dh8PmVWLPM3LHuxdawVX7ASgBFw=
16,6,0s7Er/6Z/VkLQhRToo0FZhnOd6I=,0FUDzqCi5XWqyotrbbhnLPN+TSY=
16,12,0s7Er/6Z/VkLQhRToo0FZhnOd6I=,VXh/+E6dp4pQwIRqMHvoHA3GWLU=
16,3,0s7Er/6Z/VkLQhRToo0FZhnOd6I=,0FUDzqCi5XWqyotrbbhnLPN+TSY=
16,15,0s7Er/6Z/VkLQhRToo0FZhnOd6I=,VXh/+E6dp4pQwIRqMHvoHA3GWLU=
16,13,0s7Er/6Z/VkLQhRToo0FZhnOd6I=,VXh/+E6dp4pQwIRqMHvoHA3GWLU=
16,1,0s7Er/6Z/VkLQhRToo0FZhnOd6I=,0FUDzqCi5XWqyotrbbhnLPN+TSY=
16,2,0s7Er/6Z/VkLQhRToo0FZhnOd6I=,0FUDzqCi5XWqyotrbbhnLPN+TSY=
26,0,0s7Er/6Z/VkLQhRToo0FZhnOd6I=,Dh8PmVWLPM3LHuxdawVX7ASgBFw=
24,0,0s7Er/6Z/VkLQhRToo0FZhnOd6I=,Dh8PmVWLPM3LHuxdawVX7ASgBFw=
16,14,0s7Er/6Z/VkLQhRToo0FZhnOd6I=,VXh/+E6dp4pQwIRqMHvoHA3GWLU=
16,7,0s7Er/6Z/VkLQhRToo0FZhnOd6I=,0FUDzqCi5XWqyotrbbhnLPN+TSY=
23,0,0s7Er/6Z/VkLQhRToo0FZhnOd6I=,0FUDzqCi5XWqyotrbbhnLPN+TSY=
17,0,0s7Er/6Z/VkLQhRToo0FZhnOd6I=,0FUDzqCi5XWqyotrbbhnLPN+TSY=
16,8,0s7Er/6Z/VkLQhRToo0FZhnOd6I=,VXh/+E6dp4pQwIRqMHvoHA3GWLU=
16,9,0s7Er/6Z/VkLQhRToo0FZhnOd6I=,VXh/+E6dp4pQwIRqMHvoHA3GWLU=
18,0,0s7Er/6Z/VkLQhRToo0FZhnOd6I=,0FUDzqCi5XWqyotrbbhnLPN+TSY=
22,0,0s7Er/6Z/VkLQhRToo0FZhnOd6I=,0FUDzqCi5XWqyotrbbhnLPN+TSY=
19,0,0s7Er/6Z/VkLQhRToo0FZhnOd6I=,0FUDzqCi5XWqyotrbbhnLPN+TSY=
20,0,0s7Er/6Z/VkLQhRToo0FZhnOd6I=,0FUDzqCi5XWqyotrbbhnLPN+TSY=
21,0,0s7Er/6Z/VkLQhRToo0FZhnOd6I=,0FUDzqCi5XWqyotrbbhnLPN+TSY=
31,0,0s7Er/6Z/VkLQhRToo0FZhnOd6I=,Dh8PmVWLPM3LHuxdawVX7ASgBFw=
31,15,0s7Er/6Z/VkLQhRToo0FZhnOd6I=,NSyEGR09IucJdmWYX/jFFgcTJn4=
16,0,0s7Er/6Z/VkLQhRToo0FZhnOd6I=,0FUDzqCi5XWqyotrbbhnLPN+TSY=
