58,-23,Gp5t+Cx2V+U1aUIcOl97MmG117g=,Mb5hNu/+Z9JDlCP6QYYnekE9Pf4=
62,-18,Gp5t+Cx2V+U1aUIcOl97MmG117g=,Mb5hNu/+Z9JDlCP6QYYnekE9Pf4=
59,-21,Gp5t+Cx2V+U1aUIcOl97MmG117g=,Mb5hNu/+Z9JDlCP6QYYnekE9Pf4=
61,-22,Gp5t+Cx2V+U1aUIcOl97MmG117g=,Mb5hNu/+Z9JDlCP6QYYnekE9Pf4=
58,-21,Gp5t+Cx2V+U1aUIcOl97MmG117g=,Mb5hNu/+Z9JDlCP6QYYnekE9Pf4=
60,-18,Gp5t+Cx2V+U1aUIcOl97MmG117g=,Mb5hNu/+Z9JDlCP6QYYnekE9Pf4=
61,-18,Gp5t+Cx2V+U1aUIcOl97MmG117g=,Mb5hNu/+Z9JDlCP6QYYnekE9Pf4=
60,-22,Gp5t+Cx2V+U1aUIcOl97MmG117g=,Mb5hNu/+Z9JDlCP6QYYnekE9Pf4=
59,-18,Gp5t+Cx2V+U1aUIcOl97MmG117g=,Mb5hNu/+Z9JDlCP6QYYnekE9Pf4=
57,-21,Gp5t+Cx2V+U1aUIcOl97MmG117g=,Mb5hNu/+Z9JDlCP6QYYnekE9Pf4=
58,-18,Gp5t+Cx2V+U1aUIcOl97MmG117g=,Mb5hNu/+Z9JDlCP6QYYnekE9Pf4=
57,-18,Gp5t+Cx2V+U1aUIcOl97MmG117g=,Mb5hNu/+Z9JDlCP6QYYnekE9Pf4=
62,-19,Gp5t+Cx2V+U1aUIcOl97MmG117g=,Mb5hNu/+Z9JDlCP6QYYnekE9Pf4=
61,-19,5XD4IKrXW8Q7c0klPl47NHvyZ+Q=,Mb5hNu/+Z9JDlCP6QYYnekE9Pf4=
60,-19,5XD4IKrXW8Q7c0klPl47NHvyZ+Q=,Mb5hNu/+Z9JDlCP6QYYnekE9Pf4=
59,-19,5XD4IKrXW8Q7c0klPl47NHvyZ+Q=,Mb5hNu/+Z9JDlCP6QYYnekE9Pf4=
61,-23,5XD4IKrXW8Q7c0klPl47NHvyZ+Q=,Mb5hNu/+Z9JDlCP6QYYnekE9Pf4=
62,-23,5XD4IKrXW8Q7c0klPl47NHvyZ+Q=,Mb5hNu/+Z9JDlCP6QYYnekE9Pf4=
58,-19,5XD4IKrXW8Q7c0klPl47NHvyZ+Q=,Mb5hNu/+Z9JDlCP6QYYnekE9Pf4=
57,-19,5XD4IKrXW8Q7c0klPl47NHvyZ+Q=,Mb5hNu/+Z9JDlCP6QYYnekE9Pf4=
61,-20,5XD4IKrXW8Q7c0klPl47NHvyZ+Q=,Mb5hNu/+Z9JDlCP6QYYnekE9Pf4=
59,-22,5XD4IKrXW8Q7c0klPl47NHvyZ+Q=,Mb5hNu/+Z9JDlCP6QYYnekE9Pf4=
62,-20,5XD4IKrXW8Q7c0klPl47NHvyZ+Q=,Mb5hNu/+Z9JDlCP6QYYnekE9Pf4=
59,-20,5XD4IKrXW8Q7c0klPl47NHvyZ+Q=,Mb5hNu/+Z9JDlCP6QYYnekE9Pf4=
58,-20,5XD4IKrXW8Q7c0klPl47NHvyZ+Q=,Mb5hNu/+Z9JDlCP6QYYnekE9Pf4=
57,-20,5XD4IKrXW8Q7c0klPl47NHvyZ+Q=,Mb5hNu/+Z9JDlCP6QYYnekE9Pf4=
57,-23,5XD4IKrXW8Q7c0klPl47NHvyZ+Q=,Mb5hNu/+Z9JDlCP6QYYnekE9Pf4=
60,-20,5XD4IKrXW8Q7c0klPl47NHvyZ+Q=,Mb5hNu/+Z9JDlCP6QYYnekE9Pf4=
62,-21,5XD4IKrXW8Q7c0klPl47NHvyZ+Q=,Mb5hNu/+Z9JDlCP6QYYnekE9Pf4=
58,-22,5XD4IKrXW8Q7c0klPl47NHvyZ+Q=,Mb5hNu/+Z9JDlCP6QYYnekE9Pf4=
61,-21,5XD4IKrXW8Q7c0klPl47NHvyZ+Q=,Mb5hNu/+Z9JDlCP6QYYnekE9Pf4=
57,-22,5XD4IKrXW8Q7c0klPl47NHvyZ+Q=,Mb5hNu/+Z9JDlCP6QYYnekE9Pf4=
60,-21,5XD4IKrXW8Q7c0klPl47NHvyZ+Q=,Mb5hNu/+Z9JDlCP6QYYnekE9Pf4=
59,-23,5XD4IKrXW8Q7c0klPl47NHvyZ+Q=,Mb5hNu/+Z9JDlCP6QYYnekE9Pf4=
62,-22,5XD4IKrXW8Q7c0klPl47NHvyZ+Q=,Mb5hNu/+Z9JDlCP6QYYnekE9Pf4=
60,-23,5XD4IKrXW8Q7c0klPl47NHvyZ+Q=,Mb5hNu/+Z9JDlCP6QYYnekE9Pf4=
51,-21,5XD4IKrXW8Q7c0klPl47NHvyZ+Q=,vUOVVtEuzDWOvKjL6O3x2hgppo4=
49,-21,5XD4IKrXW8Q7c0klPl47NHvyZ+Q=,vUOVVtEuzDWOvKjL6O3x2hgppo4=
50,-21,5XD4IKrXW8Q7c0klPl47NHvyZ+Q=,vUOVVtEuzDWOvKjL6O3x2hgppo4=
52,-21,5XD4IKrXW8Q7c0klPl47NHvyZ+Q=,vUOVVtEuzDWOvKjL6O3x2hgppo4=
51,-22,5XD4IKrXW8Q7c0klPl47NHvyZ+Q=,vUOVVtEuzDWOvKjL6O3x2hgppo4=
49,-22,5XD4IKrXW8Q7c0klPl47NHvyZ+Q=,vUOVVtEuzDWOvKjL6O3x2hgppo4=
50,-22,5XD4IKrXW8Q7c0klPl47NHvyZ+Q=,vUOVVtEuzDWOvKjL6O3x2hgppo4=
55,-18,5XD4IKrXW8Q7c0klPl47NHvyZ+Q=,vUOVVtEuzDWOvKjL6O3x2hgppo4=
52,-22,5XD4IKrXW8Q7c0klPl47NHvyZ+Q=,vUOVVtEuzDWOvKjL6O3x2hgppo4=
56,-22,5XD4IKrXW8Q7c0klPl47NHvyZ+Q=,Mb5hNu/+Z9JDlCP6QYYnekE9Pf4=
53,-18,5XD4IKrXW8Q7c0klPl47NHvyZ+Q=,vUOVVtEuzDWOvKjL6O3x2hgppo4=
51,-18,5XD4IKrXW8Q7c0klPl47NHvyZ+Q=,vUOVVtEuzDWOvKjL6O3x2hgppo4=
52,-18,5XD4IKrXW8Q7c0klPl47NHvyZ+Q=,vUOVVtEuzDWOvKjL6O3x2hgppo4=
54,-18,5XD4IKrXW8Q7c0klPl47NHvyZ+Q=,vUOVVtEuzDWOvKjL6O3x2hgppo4=
50,-18,5XD4IKrXW8Q7c0klPl47NHvyZ+Q=,vUOVVtEuzDWOvKjL6O3x2hgppo4=
54,-23,5XD4IKrXW8Q7c0klPl47NHvyZ+Q=,vUOVVtEuzDWOvKjL6O3x2hgppo4=
49,-18,5XD4IKrXW8Q7c0klPl47NHvyZ+Q=,vUOVVtEuzDWOvKjL6O3x2hgppo4=
54,-22,5XD4IKrXW8Q7c0klPl47NHvyZ+Q=,vUOVVtEuzDWOvKjL6O3x2hgppo4=
53,-23,5XD4IKrXW8Q7c0klPl47NHvyZ+Q=,vUOVVtEuzDWOvKjL6O3x2hgppo4=
55,-23,5XD4IKrXW8Q7c0klPl47NHvyZ+Q=,vUOVVtEuzDWOvKjL6O3x2hgppo4=
53,-22,5XD4IKrXW8Q7c0klPl47NHvyZ+Q=,vUOVVtEuzDWOvKjL6O3x2hgppo4=
51,-23,5XD4IKrXW8Q7c0klPl47NHvyZ+Q=,vUOVVtEuzDWOvKjL6O3x2hgppo4=
53,-19,5XD4IKrXW8Q7c0klPl47NHvyZ+Q=,vUOVVtEuzDWOvKjL6O3x2hgppo4=
50,-23,5XD4IKrXW8Q7c0klPl47NHvyZ+Q=,vUOVVtEuzDWOvKjL6O3x2hgppo4=
56,-18,5XD4IKrXW8Q7c0klPl47NHvyZ+Q=,Mb5hNu/+Z9JDlCP6QYYnekE9Pf4=
55,-19,5XD4IKrXW8Q7c0klPl47NHvyZ+Q=,vUOVVtEuzDWOvKjL6O3x2hgppo4=
52,-19,5XD4IKrXW8Q7c0klPl47NHvyZ+Q=,vUOVVtEuzDWOvKjL6O3x2hgppo4=
49,-23,5XD4IKrXW8Q7c0klPl47NHvyZ+Q=,vUOVVtEuzDWOvKjL6O3x2hgppo4=
54,-19,5XD4IKrXW8Q7c0klPl47NHvyZ+Q=,vUOVVtEuzDWOvKjL6O3x2hgppo4=
51,-19,5XD4IKrXW8Q7c0klPl47NHvyZ+Q=,vUOVVtEuzDWOvKjL6O3x2hgppo4=
50,-19,5XD4IKrXW8Q7c0klPl47NHvyZ+Q=,vUOVVtEuzDWOvKjL6O3x2hgppo4=
49,-19,5XD4IKrXW8Q7c0klPl47NHvyZ+Q=,vUOVVtEuzDWOvKjL6O3x2hgppo4=
52,-23,5XD4IKrXW8Q7c0klPl47NHvyZ+Q=,vUOVVtEuzDWOvKjL6O3x2hgppo4=
56,-19,5XD4IKrXW8Q7c0klPl47NHvyZ+Q=,Mb5hNu/+Z9JDlCP6QYYnekE9Pf4=
53,-21,5XD4IKrXW8Q7c0klPl47NHvyZ+Q=,vUOVVtEuzDWOvKjL6O3x2hgppo4=
51,-20,5XD4IKrXW8Q7c0klPl47NHvyZ+Q=,vUOVVtEuzDWOvKjL6O3x2hgppo4=
50,-20,5XD4IKrXW8Q7c0klPl47NHvyZ+Q=,vUOVVtEuzDWOvKjL6O3x2hgppo4=
49,-20,5XD4IKrXW8Q7c0klPl47NHvyZ+Q=,vUOVVtEuzDWOvKjL6O3x2hgppo4=
55,-22,5XD4IKrXW8Q7c0klPl47NHvyZ+Q=,vUOVVtEuzDWOvKjL6O3x2hgppo4=
52,-20,5XD4IKrXW8Q7c0klPl47NHvyZ+Q=,vUOVVtEuzDWOvKjL6O3x2hgppo4=
54,-20,5XD4IKrXW8Q7c0klPl47NHvyZ+Q=,vUOVVtEuzDWOvKjL6O3x2hgppo4=
56,-21,5XD4IKrXW8Q7c0klPl47NHvyZ+Q=,Mb5hNu/+Z9JDlCP6QYYnekE9Pf4=
55,-20,5XD4IKrXW8Q7c0klPl47NHvyZ+Q=,vUOVVtEuzDWOvKjL6O3x2hgppo4=
56,-20,5XD4IKrXW8Q7c0klPl47NHvyZ+Q=,Mb5hNu/+Z9JDlCP6QYYnekE9Pf4=
53,-20,5XD4IKrXW8Q7c0klPl47NHvyZ+Q=,vUOVVtEuzDWOvKjL6O3x2hgppo4=
56,-23,5XD4IKrXW8Q7c0klPl47NHvyZ+Q=,Mb5hNu/+Z9JDlCP6QYYnekE9Pf4=
54,-21,5XD4IKrXW8Q7c0klPl47NHvyZ+Q=,vUOVVtEuzDWOvKjL6O3x2hgppo4=
55,-21,5XD4IKrXW8Q7c0klPl47NHvyZ+Q=,vUOVVtEuzDWOvKjL6O3x2hgppo4=
58,-25,5XD4IKrXW8Q7c0klPl47NHvyZ+Q=,M8ZZQE6rV/RnfZakaPOtjkYXvpg=
49,-28,5XD4IKrXW8Q7c0klPl47NHvyZ+Q=,RNoJBZSc8X+JLyCJQU7kvYADsuI=
54,-29,5XD4IKrXW8Q7c0klPl47NHvyZ+Q=,RNoJBZSc8X+JLyCJQU7kvYADsuI=
53,-29,5XD4IKrXW8Q7c0klPl47NHvyZ+Q=,RNoJBZSc8X+JLyCJQU7kvYADsuI=
52,-29,5XD4IKrXW8Q7c0klPl47NHvyZ+Q=,RNoJBZSc8X+JLyCJQU7kvYADsuI=
51,-29,5XD4IKrXW8Q7c0klPl47NHvyZ+Q=,RNoJBZSc8X+JLyCJQU7kvYADsuI=
50,-29,5XD4IKrXW8Q7c0klPl47NHvyZ+Q=,RNoJBZSc8X+JLyCJQU7kvYADsuI=
50,-28,5XD4IKrXW8Q7c0klPl47NHvyZ+Q=,RNoJBZSc8X+JLyCJQU7kvYADsuI=
53,-28,5XD4IKrXW8Q7c0klPl47NHvyZ+Q=,RNoJBZSc8X+JLyCJQU7kvYADsuI=
49,-29,5XD4IKrXW8Q7c0klPl47NHvyZ+Q=,RNoJBZSc8X+JLyCJQU7kvYADsuI=
59,-25,5XD4IKrXW8Q7c0klPl47NHvyZ+Q=,M8ZZQE6rV/RnfZakaPOtjkYXvpg=
51,-28,5XD4IKrXW8Q7c0klPl47NHvyZ+Q=,RNoJBZSc8X+JLyCJQU7kvYADsuI=
60,-25,5XD4IKrXW8Q7c0klPl47NHvyZ+Q=,M8ZZQE6rV/RnfZakaPOtjkYXvpg=
52,-28,5XD4IKrXW8Q7c0klPl47NHvyZ+Q=,RNoJBZSc8X+JLyCJQU7kvYADsuI=
52,-30,5XD4IKrXW8Q7c0klPl47NHvyZ+Q=,RNoJBZSc8X+JLyCJQU7kvYADsuI=
57,-25,5XD4IKrXW8Q7c0klPl47NHvyZ+Q=,M8ZZQE6rV/RnfZakaPOtjkYXvpg=
49,-27,5XD4IKrXW8Q7c0klPl47NHvyZ+Q=,RNoJBZSc8X+JLyCJQU7kvYADsuI=
54,-30,5XD4IKrXW8Q7c0klPl47NHvyZ+Q=,RNoJBZSc8X+JLyCJQU7kvYADsuI=
54,-28,5XD4IKrXW8Q7c0klPl47NHvyZ+Q=,RNoJBZSc8X+JLyCJQU7kvYADsuI=
53,-30,5XD4IKrXW8Q7c0klPl47NHvyZ+Q=,RNoJBZSc8X+JLyCJQU7kvYADsuI=
52,-27,5XD4IKrXW8Q7c0klPl47NHvyZ+Q=,RNoJBZSc8X+JLyCJQU7kvYADsuI=
51,-27,5XD4IKrXW8Q7c0klPl47NHvyZ+Q=,RNoJBZSc8X+JLyCJQU7kvYADsuI=
50,-24,5XD4IKrXW8Q7c0klPl47NHvyZ+Q=,vUOVVtEuzDWOvKjL6O3x2hgppo4=
53,-24,5XD4IKrXW8Q7c0klPl47NHvyZ+Q=,vUOVVtEuzDWOvKjL6O3x2hgppo4=
50,-30,5XD4IKrXW8Q7c0klPl47NHvyZ+Q=,RNoJBZSc8X+JLyCJQU7kvYADsuI=
61,-25,5XD4IKrXW8Q7c0klPl47NHvyZ+Q=,M8ZZQE6rV/RnfZakaPOtjkYXvpg=
51,-30,5XD4IKrXW8Q7c0klPl47NHvyZ+Q=,RNoJBZSc8X+JLyCJQU7kvYADsuI=
54,-24,5XD4IKrXW8Q7c0klPl47NHvyZ+Q=,vUOVVtEuzDWOvKjL6O3x2hgppo4=
49,-30,5XD4IKrXW8Q7c0klPl47NHvyZ+Q=,RNoJBZSc8X+JLyCJQU7kvYADsuI=
62,-25,5XD4IKrXW8Q7c0klPl47NHvyZ+Q=,M8ZZQE6rV/RnfZakaPOtjkYXvpg=
49,-24,5XD4IKrXW8Q7c0klPl47NHvyZ+Q=,vUOVVtEuzDWOvKjL6O3x2hgppo4=
56,-25,5XD4IKrXW8Q7c0klPl47NHvyZ+Q=,M8ZZQE6rV/RnfZakaPOtjkYXvpg=
59,-26,5XD4IKrXW8Q7c0klPl47NHvyZ+Q=,M8ZZQE6rV/RnfZakaPOtjkYXvpg=
51,-24,5XD4IKrXW8Q7c0klPl47NHvyZ+Q=,vUOVVtEuzDWOvKjL6O3x2hgppo4=
52,-24,5XD4IKrXW8Q7c0klPl47NHvyZ+Q=,vUOVVtEuzDWOvKjL6O3x2hgppo4=
60,-26,5XD4IKrXW8Q7c0klPl47NHvyZ+Q=,M8ZZQE6rV/RnfZakaPOtjkYXvpg=
50,-31,5XD4IKrXW8Q7c0klPl47NHvyZ+Q=,RNoJBZSc8X+JLyCJQU7kvYADsuI=
58,-26,5XD4IKrXW8Q7c0klPl47NHvyZ+Q=,M8ZZQE6rV/RnfZakaPOtjkYXvpg=
62,-26,5XD4IKrXW8Q7c0klPl47NHvyZ+Q=,M8ZZQE6rV/RnfZakaPOtjkYXvpg=
53,-27,5XD4IKrXW8Q7c0klPl47NHvyZ+Q=,RNoJBZSc8X+JLyCJQU7kvYADsuI=
52,-31,5XD4IKrXW8Q7c0klPl47NHvyZ+Q=,RNoJBZSc8X+JLyCJQU7kvYADsuI=
52,-25,5XD4IKrXW8Q7c0klPl47NHvyZ+Q=,RNoJBZSc8X+JLyCJQU7kvYADsuI=
49,-31,5XD4IKrXW8Q7c0klPl47NHvyZ+Q=,RNoJBZSc8X+JLyCJQU7kvYADsuI=
57,-26,5XD4IKrXW8Q7c0klPl47NHvyZ+Q=,M8ZZQE6rV/RnfZakaPOtjkYXvpg=
61,-26,5XD4IKrXW8Q7c0klPl47NHvyZ+Q=,M8ZZQE6rV/RnfZakaPOtjkYXvpg=
50,-27,5XD4IKrXW8Q7c0klPl47NHvyZ+Q=,RNoJBZSc8X+JLyCJQU7kvYADsuI=
55,-27,5XD4IKrXW8Q7c0klPl47NHvyZ+Q=,RNoJBZSc8X+JLyCJQU7kvYADsuI=
56,-26,5XD4IKrXW8Q7c0klPl47NHvyZ+Q=,M8ZZQE6rV/RnfZakaPOtjkYXvpg=
49,-25,5XD4IKrXW8Q7c0klPl47NHvyZ+Q=,RNoJBZSc8X+JLyCJQU7kvYADsuI=
53,-31,5XD4IKrXW8Q7c0klPl47NHvyZ+Q=,RNoJBZSc8X+JLyCJQU7kvYADsuI=
50,-25,5XD4IKrXW8Q7c0klPl47NHvyZ+Q=,RNoJBZSc8X+JLyCJQU7kvYADsuI=
51,-31,5XD4IKrXW8Q7c0klPl47NHvyZ+Q=,RNoJBZSc8X+JLyCJQU7kvYADsuI=
54,-25,5XD4IKrXW8Q7c0klPl47NHvyZ+Q=,RNoJBZSc8X+JLyCJQU7kvYADsuI=
51,-25,5XD4IKrXW8Q7c0klPl47NHvyZ+Q=,RNoJBZSc8X+JLyCJQU7kvYADsuI=
53,-25,5XD4IKrXW8Q7c0klPl47NHvyZ+Q=,RNoJBZSc8X+JLyCJQU7kvYADsuI=
54,-27,5XD4IKrXW8Q7c0klPl47NHvyZ+Q=,RNoJBZSc8X+JLyCJQU7kvYADsuI=
54,-26,5XD4IKrXW8Q7c0klPl47NHvyZ+Q=,RNoJBZSc8X+JLyCJQU7kvYADsuI=
53,-26,5XD4IKrXW8Q7c0klPl47NHvyZ+Q=,RNoJBZSc8X+JLyCJQU7kvYADsuI=
56,-24,5XD4IKrXW8Q7c0klPl47NHvyZ+Q=,Mb5hNu/+Z9JDlCP6QYYnekE9Pf4=
54,-31,5XD4IKrXW8Q7c0klPl47NHvyZ+Q=,RNoJBZSc8X+JLyCJQU7kvYADsuI=
52,-26,5XD4IKrXW8Q7c0klPl47NHvyZ+Q=,RNoJBZSc8X+JLyCJQU7kvYADsuI=
51,-26,5XD4IKrXW8Q7c0klPl47NHvyZ+Q=,RNoJBZSc8X+JLyCJQU7kvYADsuI=
62,-28,5XD4IKrXW8Q7c0klPl47NHvyZ+Q=,M8ZZQE6rV/RnfZakaPOtjkYXvpg=
59,-24,5XD4IKrXW8Q7c0klPl47NHvyZ+Q=,Mb5hNu/+Z9JDlCP6QYYnekE9Pf4=
58,-27,5XD4IKrXW8Q7c0klPl47NHvyZ+Q=,M8ZZQE6rV/RnfZakaPOtjkYXvpg=
57,-27,5XD4IKrXW8Q7c0klPl47NHvyZ+Q=,M8ZZQE6rV/RnfZakaPOtjkYXvpg=
50,-26,5XD4IKrXW8Q7c0klPl47NHvyZ+Q=,RNoJBZSc8X+JLyCJQU7kvYADsuI=
56,-27,5XD4IKrXW8Q7c0klPl47NHvyZ+Q=,M8ZZQE6rV/RnfZakaPOtjkYXvpg=
62,-27,5XD4IKrXW8Q7c0klPl47NHvyZ+Q=,M8ZZQE6rV/RnfZakaPOtjkYXvpg=
60,-27,5XD4IKrXW8Q7c0klPl47NHvyZ+Q=,M8ZZQE6rV/RnfZakaPOtjkYXvpg=
55,-29,5XD4IKrXW8Q7c0klPl47NHvyZ+Q=,RNoJBZSc8X+JLyCJQU7kvYADsuI=
60,-24,5XD4IKrXW8Q7c0klPl47NHvyZ+Q=,Mb5hNu/+Z9JDlCP6QYYnekE9Pf4=
55,-28,5XD4IKrXW8Q7c0klPl47NHvyZ+Q=,RNoJBZSc8X+JLyCJQU7kvYADsuI=
59,-27,5XD4IKrXW8Q7c0klPl47NHvyZ+Q=,M8ZZQE6rV/RnfZakaPOtjkYXvpg=
49,-26,5XD4IKrXW8Q7c0klPl47NHvyZ+Q=,RNoJBZSc8X+JLyCJQU7kvYADsuI=
61,-27,5XD4IKrXW8Q7c0klPl47NHvyZ+Q=,M8ZZQE6rV/RnfZakaPOtjkYXvpg=
62,-29,5XD4IKrXW8Q7c0klPl47NHvyZ+Q=,M8ZZQE6rV/RnfZakaPOtjkYXvpg=
61,-28,5XD4IKrXW8Q7c0klPl47NHvyZ+Q=,M8ZZQE6rV/RnfZakaPOtjkYXvpg=
61,-24,5XD4IKrXW8Q7c0klPl47NHvyZ+Q=,Mb5hNu/+Z9JDlCP6QYYnekE9Pf4=
56,-28,5XD4IKrXW8Q7c0klPl47NHvyZ+Q=,M8ZZQE6rV/RnfZakaPOtjkYXvpg=
55,-30,5XD4IKrXW8Q7c0klPl47NHvyZ+Q=,RNoJBZSc8X+JLyCJQU7kvYADsuI=
62,-24,5XD4IKrXW8Q7c0klPl47NHvyZ+Q=,Mb5hNu/+Z9JDlCP6QYYnekE9Pf4=
58,-28,5XD4IKrXW8Q7c0klPl47NHvyZ+Q=,M8ZZQE6rV/RnfZakaPOtjkYXvpg=
55,-26,5XD4IKrXW8Q7c0klPl47NHvyZ+Q=,RNoJBZSc8X+JLyCJQU7kvYADsuI=
62,-30,5XD4IKrXW8Q7c0klPl47NHvyZ+Q=,M8ZZQE6rV/RnfZakaPOtjkYXvpg=
57,-28,5XD4IKrXW8Q7c0klPl47NHvyZ+Q=,M8ZZQE6rV/RnfZakaPOtjkYXvpg=
60,-28,5XD4IKrXW8Q7c0klPl47NHvyZ+Q=,M8ZZQE6rV/RnfZakaPOtjkYXvpg=
57,-29,5XD4IKrXW8Q7c0klPl47NHvyZ+Q=,M8ZZQE6rV/RnfZakaPOtjkYXvpg=
59,-29,5XD4IKrXW8Q7c0klPl47NHvyZ+Q=,M8ZZQE6rV/RnfZakaPOtjkYXvpg=
56,-29,5XD4IKrXW8Q7c0klPl47NHvyZ+Q=,M8ZZQE6rV/RnfZakaPOtjkYXvpg=
62,-31,5XD4IKrXW8Q7c0klPl47NHvyZ+Q=,M8ZZQE6rV/RnfZakaPOtjkYXvpg=
58,-29,5XD4IKrXW8Q7c0klPl47NHvyZ+Q=,M8ZZQE6rV/RnfZakaPOtjkYXvpg=
57,-30,5XD4IKrXW8Q7c0klPl47NHvyZ+Q=,M8ZZQE6rV/RnfZakaPOtjkYXvpg=
56,-30,5XD4IKrXW8Q7c0klPl47NHvyZ+Q=,M8ZZQE6rV/RnfZakaPOtjkYXvpg=
59,-28,5XD4IKrXW8Q7c0klPl47NHvyZ+Q=,M8ZZQE6rV/RnfZakaPOtjkYXvpg=
61,-30,5XD4IKrXW8Q7c0klPl47NHvyZ+Q=,M8ZZQE6rV/RnfZakaPOtjkYXvpg=
60,-29,5XD4IKrXW8Q7c0klPl47NHvyZ+Q=,M8ZZQE6rV/RnfZakaPOtjkYXvpg=
61,-31,5XD4IKrXW8Q7c0klPl47NHvyZ+Q=,M8ZZQE6rV/RnfZakaPOtjkYXvpg=
59,-30,5XD4IKrXW8Q7c0klPl47NHvyZ+Q=,M8ZZQE6rV/RnfZakaPOtjkYXvpg=
55,-24,5XD4IKrXW8Q7c0klPl47NHvyZ+Q=,vUOVVtEuzDWOvKjL6O3x2hgppo4=
61,-29,5XD4IKrXW8Q7c0klPl47NHvyZ+Q=,M8ZZQE6rV/RnfZakaPOtjkYXvpg=
57,-31,5XD4IKrXW8Q7c0klPl47NHvyZ+Q=,M8ZZQE6rV/RnfZakaPOtjkYXvpg=
55,-31,5XD4IKrXW8Q7c0klPl47NHvyZ+Q=,RNoJBZSc8X+JLyCJQU7kvYADsuI=
60,-30,5XD4IKrXW8Q7c0klPl47NHvyZ+Q=,M8ZZQE6rV/RnfZakaPOtjkYXvpg=
58,-30,5XD4IKrXW8Q7c0klPl47NHvyZ+Q=,M8ZZQE6rV/RnfZakaPOtjkYXvpg=
57,-24,5XD4IKrXW8Q7c0klPl47NHvyZ+Q=,Mb5hNu/+Z9JDlCP6QYYnekE9Pf4=
60,-31,5XD4IKrXW8Q7c0klPl47NHvyZ+Q=,M8ZZQE6rV/RnfZakaPOtjkYXvpg=
59,-31,5XD4IKrXW8Q7c0klPl47NHvyZ+Q=,M8ZZQE6rV/RnfZakaPOtjkYXvpg=
58,-31,5XD4IKrXW8Q7c0klPl47NHvyZ+Q=,M8ZZQE6rV/RnfZakaPOtjkYXvpg=
55,-25,5XD4IKrXW8Q7c0klPl47NHvyZ+Q=,RNoJBZSc8X+JLyCJQU7kvYADsuI=
56,-31,5XD4IKrXW8Q7c0klPl47NHvyZ+Q=,M8ZZQE6rV/RnfZakaPOtjkYXvpg=
58,-24,5XD4IKrXW8Q7c0klPl47NHvyZ+Q=,Mb5hNu/+Z9JDlCP6QYYnekE9Pf4=
57,-17,5XD4IKrXW8Q7c0klPl47NHvyZ+Q=,Mb5hNu/+Z9JDlCP6QYYnekE9Pf4=
62,-17,5XD4IKrXW8Q7c0klPl47NHvyZ+Q=,Mb5hNu/+Z9JDlCP6QYYnekE9Pf4=
58,-17,5XD4IKrXW8Q7c0klPl47NHvyZ+Q=,Mb5hNu/+Z9JDlCP6QYYnekE9Pf4=
60,-17,5XD4IKrXW8Q7c0klPl47NHvyZ+Q=,Mb5hNu/+Z9JDlCP6QYYnekE9Pf4=
59,-17,5XD4IKrXW8Q7c0klPl47NHvyZ+Q=,Mb5hNu/+Z9JDlCP6QYYnekE9Pf4=
61,-17,5XD4IKrXW8Q7c0klPl47NHvyZ+Q=,Mb5hNu/+Z9JDlCP6QYYnekE9Pf4=
63,-18,5XD4IKrXW8Q7c0klPl47NHvyZ+Q=,Mb5hNu/+Z9JDlCP6QYYnekE9Pf4=
63,-19,5XD4IKrXW8Q7c0klPl47NHvyZ+Q=,Mb5hNu/+Z9JDlCP6QYYnekE9Pf4=
63,-20,5XD4IKrXW8Q7c0klPl47NHvyZ+Q=,Mb5hNu/+Z9JDlCP6QYYnekE9Pf4=
49,-17,5XD4IKrXW8Q7c0klPl47NHvyZ+Q=,vUOVVtEuzDWOvKjL6O3x2hgppo4=
50,-17,5XD4IKrXW8Q7c0klPl47NHvyZ+Q=,vUOVVtEuzDWOvKjL6O3x2hgppo4=
51,-17,5XD4IKrXW8Q7c0klPl47NHvyZ+Q=,vUOVVtEuzDWOvKjL6O3x2hgppo4=
63,-21,5XD4IKrXW8Q7c0klPl47NHvyZ+Q=,Mb5hNu/+Z9JDlCP6QYYnekE9Pf4=
52,-17,5XD4IKrXW8Q7c0klPl47NHvyZ+Q=,vUOVVtEuzDWOvKjL6O3x2hgppo4=
53,-17,5XD4IKrXW8Q7c0klPl47NHvyZ+Q=,vUOVVtEuzDWOvKjL6O3x2hgppo4=
56,-17,5XD4IKrXW8Q7c0klPl47NHvyZ+Q=,Mb5hNu/+Z9JDlCP6QYYnekE9Pf4=
55,-17,5XD4IKrXW8Q7c0klPl47NHvyZ+Q=,vUOVVtEuzDWOvKjL6O3x2hgppo4=
63,-22,5XD4IKrXW8Q7c0klPl47NHvyZ+Q=,Mb5hNu/+Z9JDlCP6QYYnekE9Pf4=
54,-17,5XD4IKrXW8Q7c0klPl47NHvyZ+Q=,vUOVVtEuzDWOvKjL6O3x2hgppo4=
63,-29,5XD4IKrXW8Q7c0klPl47NHvyZ+Q=,M8ZZQE6rV/RnfZakaPOtjkYXvpg=
63,-30,5XD4IKrXW8Q7c0klPl47NHvyZ+Q=,M8ZZQE6rV/RnfZakaPOtjkYXvpg=
63,-28,5XD4IKrXW8Q7c0klPl47NHvyZ+Q=,M8ZZQE6rV/RnfZakaPOtjkYXvpg=
63,-31,5XD4IKrXW8Q7c0klPl47NHvyZ+Q=,M8ZZQE6rV/RnfZakaPOtjkYXvpg=
63,-24,5XD4IKrXW8Q7c0klPl47NHvyZ+Q=,Mb5hNu/+Z9JDlCP6QYYnekE9Pf4=
63,-25,5XD4IKrXW8Q7c0klPl47NHvyZ+Q=,M8ZZQE6rV/RnfZakaPOtjkYXvpg=
63,-23,5XD4IKrXW8Q7c0klPl47NHvyZ+Q=,Mb5hNu/+Z9JDlCP6QYYnekE9Pf4=
63,-26,5XD4IKrXW8Q7c0klPl47NHvyZ+Q=,M8ZZQE6rV/RnfZakaPOtjkYXvpg=
63,-27,5XD4IKrXW8Q7c0klPl47NHvyZ+Q=,M8ZZQE6rV/RnfZakaPOtjkYXvpg=
63,-17,5XD4IKrXW8Q7c0klPl47NHvyZ+Q=,Mb5hNu/+Z9JDlCP6QYYnekE9Pf4=
51,-32,5XD4IKrXW8Q7c0klPl47NHvyZ+Q=,RNoJBZSc8X+JLyCJQU7kvYADsuI=
49,-32,5XD4IKrXW8Q7c0klPl47NHvyZ+Q=,RNoJBZSc8X+JLyCJQU7kvYADsuI=
50,-32,5XD4IKrXW8Q7c0klPl47NHvyZ+Q=,RNoJBZSc8X+JLyCJQU7kvYADsuI=
54,-32,5XD4IKrXW8Q7c0klPl47NHvyZ+Q=,RNoJBZSc8X+JLyCJQU7kvYADsuI=
53,-32,5XD4IKrXW8Q7c0klPl47NHvyZ+Q=,RNoJBZSc8X+JLyCJQU7kvYADsuI=
52,-32,5XD4IKrXW8Q7c0klPl47NHvyZ+Q=,RNoJBZSc8X+JLyCJQU7kvYADsuI=
58,-32,5XD4IKrXW8Q7c0klPl47NHvyZ+Q=,M8ZZQE6rV/RnfZakaPOtjkYXvpg=
62,-32,5XD4IKrXW8Q7c0klPl47NHvyZ+Q=,M8ZZQE6rV/RnfZakaPOtjkYXvpg=
61,-32,5XD4IKrXW8Q7c0klPl47NHvyZ+Q=,M8ZZQE6rV/RnfZakaPOtjkYXvpg=
60,-32,5XD4IKrXW8Q7c0klPl47NHvyZ+Q=,M8ZZQE6rV/RnfZakaPOtjkYXvpg=
57,-32,5XD4IKrXW8Q7c0klPl47NHvyZ+Q=,M8ZZQE6rV/RnfZakaPOtjkYXvpg=
48,-21,5XD4IKrXW8Q7c0klPl47NHvyZ+Q=,vUOVVtEuzDWOvKjL6O3x2hgppo4=
56,-32,5XD4IKrXW8Q7c0klPl47NHvyZ+Q=,M8ZZQE6rV/RnfZakaPOtjkYXvpg=
48,-19,5XD4IKrXW8Q7c0klPl47NHvyZ+Q=,vUOVVtEuzDWOvKjL6O3x2hgppo4=
48,-18,5XD4IKrXW8Q7c0klPl47NHvyZ+Q=,vUOVVtEuzDWOvKjL6O3x2hgppo4=
48,-23,5XD4IKrXW8Q7c0klPl47NHvyZ+Q=,vUOVVtEuzDWOvKjL6O3x2hgppo4=
48,-22,5XD4IKrXW8Q7c0klPl47NHvyZ+Q=,vUOVVtEuzDWOvKjL6O3x2hgppo4=
55,-32,5XD4IKrXW8Q7c0klPl47NHvyZ+Q=,RNoJBZSc8X+JLyCJQU7kvYADsuI=
48,-20,5XD4IKrXW8Q7c0klPl47NHvyZ+Q=,vUOVVtEuzDWOvKjL6O3x2hgppo4=
59,-32,5XD4IKrXW8Q7c0klPl47NHvyZ+Q=,M8ZZQE6rV/RnfZakaPOtjkYXvpg=
63,-32,5XD4IKrXW8Q7c0klPl47NHvyZ+Q=,M8ZZQE6rV/RnfZakaPOtjkYXvpg=
48,-17,5XD4IKrXW8Q7c0klPl47NHvyZ+Q=,vUOVVtEuzDWOvKjL6O3x2hgppo4=
48,-28,5XD4IKrXW8Q7c0klPl47NHvyZ+Q=,RNoJBZSc8X+JLyCJQU7kvYADsuI=
48,-27,5XD4IKrXW8Q7c0klPl47NHvyZ+Q=,RNoJBZSc8X+JLyCJQU7kvYADsuI=
48,-29,5XD4IKrXW8Q7c0klPl47NHvyZ+Q=,RNoJBZSc8X+JLyCJQU7kvYADsuI=
48,-30,5XD4IKrXW8Q7c0klPl47NHvyZ+Q=,RNoJBZSc8X+JLyCJQU7kvYADsuI=
48,-32,5XD4IKrXW8Q7c0klPl47NHvyZ+Q=,RNoJBZSc8X+JLyCJQU7kvYADsuI=
48,-31,5XD4IKrXW8Q7c0klPl47NHvyZ+Q=,RNoJBZSc8X+JLyCJQU7kvYADsuI=
48,-25,5XD4IKrXW8Q7c0klPl47NHvyZ+Q=,RNoJBZSc8X+JLyCJQU7kvYADsuI=
48,-26,5XD4IKrXW8Q7c0klPl47NHvyZ+Q=,RNoJBZSc8X+JLyCJQU7kvYADsuI=
48,-24,5XD4IKrXW8Q7c0klPl47NHvyZ+Q=,vUOVVtEuzDWOvKjL6O3x2hgppo4=
35,-27,hesbLbYiBkBhE3O67hANku3xgtE=,H3CalSDmy9tuegXMqx8bwpLsEh8=
36,-27,hesbLbYiBkBhE3O67hANku3xgtE=,H3CalSDmy9tuegXMqx8bwpLsEh8=
34,-27,hesbLbYiBkBhE3O67hANku3xgtE=,H3CalSDmy9tuegXMqx8bwpLsEh8=
36,-28,hesbLbYiBkBhE3O67hANku3xgtE=,H3CalSDmy9tuegXMqx8bwpLsEh8=
33,-27,hesbLbYiBkBhE3O67hANku3xgtE=,H3CalSDmy9tuegXMqx8bwpLsEh8=
34,-28,hesbLbYiBkBhE3O67hANku3xgtE=,H3CalSDmy9tuegXMqx8bwpLsEh8=
37,-29,hesbLbYiBkBhE3O67hANku3xgtE=,H3CalSDmy9tuegXMqx8bwpLsEh8=
35,-28,hesbLbYiBkBhE3O67hANku3xgtE=,H3CalSDmy9tuegXMqx8bwpLsEh8=
38,-28,hesbLbYiBkBhE3O67hANku3xgtE=,H3CalSDmy9tuegXMqx8bwpLsEh8=
33,-28,hesbLbYiBkBhE3O67hANku3xgtE=,H3CalSDmy9tuegXMqx8bwpLsEh8=
38,-29,hesbLbYiBkBhE3O67hANku3xgtE=,H3CalSDmy9tuegXMqx8bwpLsEh8=
36,-29,hesbLbYiBkBhE3O67hANku3xgtE=,H3CalSDmy9tuegXMqx8bwpLsEh8=
34,-29,hesbLbYiBkBhE3O67hANku3xgtE=,H3CalSDmy9tuegXMqx8bwpLsEh8=
33,-29,hesbLbYiBkBhE3O67hANku3xgtE=,H3CalSDmy9tuegXMqx8bwpLsEh8=
35,-29,hesbLbYiBkBhE3O67hANku3xgtE=,H3CalSDmy9tuegXMqx8bwpLsEh8=
38,-30,hesbLbYiBkBhE3O67hANku3xgtE=,H3CalSDmy9tuegXMqx8bwpLsEh8=
36,-30,hesbLbYiBkBhE3O67hANku3xgtE=,H3CalSDmy9tuegXMqx8bwpLsEh8=
35,-30,hesbLbYiBkBhE3O67hANku3xgtE=,H3CalSDmy9tuegXMqx8bwpLsEh8=
37,-30,hesbLbYiBkBhE3O67hANku3xgtE=,H3CalSDmy9tuegXMqx8bwpLsEh8=
33,-30,hesbLbYiBkBhE3O67hANku3xgtE=,H3CalSDmy9tuegXMqx8bwpLsEh8=
38,-31,hesbLbYiBkBhE3O67hANku3xgtE=,H3CalSDmy9tuegXMqx8bwpLsEh8=
36,-31,hesbLbYiBkBhE3O67hANku3xgtE=,H3CalSDmy9tuegXMqx8bwpLsEh8=
34,-30,hesbLbYiBkBhE3O67hANku3xgtE=,H3CalSDmy9tuegXMqx8bwpLsEh8=
37,-31,hesbLbYiBkBhE3O67hANku3xgtE=,H3CalSDmy9tuegXMqx8bwpLsEh8=
35,-31,hesbLbYiBkBhE3O67hANku3xgtE=,H3CalSDmy9tuegXMqx8bwpLsEh8=
37,-26,kyH0DRmWv5OGX1LDu2W/DayGfY8=,H3CalSDmy9tuegXMqx8bwpLsEh8=
34,-31,kyH0DRmWv5OGX1LDu2W/DayGfY8=,H3CalSDmy9tuegXMqx8bwpLsEh8=
38,-26,kyH0DRmWv5OGX1LDu2W/DayGfY8=,H3CalSDmy9tuegXMqx8bwpLsEh8=
33,-26,kyH0DRmWv5OGX1LDu2W/DayGfY8=,H3CalSDmy9tuegXMqx8bwpLsEh8=
33,-31,kyH0DRmWv5OGX1LDu2W/DayGfY8=,H3CalSDmy9tuegXMqx8bwpLsEh8=
34,-26,kyH0DRmWv5OGX1LDu2W/DayGfY8=,H3CalSDmy9tuegXMqx8bwpLsEh8=
35,-26,kyH0DRmWv5OGX1LDu2W/DayGfY8=,H3CalSDmy9tuegXMqx8bwpLsEh8=
36,-26,kyH0DRmWv5OGX1LDu2W/DayGfY8=,H3CalSDmy9tuegXMqx8bwpLsEh8=
37,-27,kyH0DRmWv5OGX1LDu2W/DayGfY8=,H3CalSDmy9tuegXMqx8bwpLsEh8=
38,-27,kyH0DRmWv5OGX1LDu2W/DayGfY8=,H3CalSDmy9tuegXMqx8bwpLsEh8=
37,-28,kyH0DRmWv5OGX1LDu2W/DayGfY8=,H3CalSDmy9tuegXMqx8bwpLsEh8=
44,-29,kyH0DRmWv5OGX1LDu2W/DayGfY8=,9xiEvgBjInXUw8GaUooJtRwruZA=
45,-29,kyH0DRmWv5OGX1LDu2W/DayGfY8=,9xiEvgBjInXUw8GaUooJtRwruZA=
46,-29,kyH0DRmWv5OGX1LDu2W/DayGfY8=,9xiEvgBjInXUw8GaUooJtRwruZA=
39,-27,kyH0DRmWv5OGX1LDu2W/DayGfY8=,H3CalSDmy9tuegXMqx8bwpLsEh8=
41,-28,kyH0DRmWv5OGX1LDu2W/DayGfY8=,9xiEvgBjInXUw8GaUooJtRwruZA=
40,-28,kyH0DRmWv5OGX1LDu2W/DayGfY8=,9xiEvgBjInXUw8GaUooJtRwruZA=
42,-28,kyH0DRmWv5OGX1LDu2W/DayGfY8=,9xiEvgBjInXUw8GaUooJtRwruZA=
43,-28,kyH0DRmWv5OGX1LDu2W/DayGfY8=,9xiEvgBjInXUw8GaUooJtRwruZA=
39,-28,kyH0DRmWv5OGX1LDu2W/DayGfY8=,H3CalSDmy9tuegXMqx8bwpLsEh8=
44,-28,kyH0DRmWv5OGX1LDu2W/DayGfY8=,9xiEvgBjInXUw8GaUooJtRwruZA=
39,-26,kyH0DRmWv5OGX1LDu2W/DayGfY8=,H3CalSDmy9tuegXMqx8bwpLsEh8=
46,-28,kyH0DRmWv5OGX1LDu2W/DayGfY8=,9xiEvgBjInXUw8GaUooJtRwruZA=
40,-27,kyH0DRmWv5OGX1LDu2W/DayGfY8=,9xiEvgBjInXUw8GaUooJtRwruZA=
41,-27,kyH0DRmWv5OGX1LDu2W/DayGfY8=,9xiEvgBjInXUw8GaUooJtRwruZA=
42,-27,kyH0DRmWv5OGX1LDu2W/DayGfY8=,9xiEvgBjInXUw8GaUooJtRwruZA=
45,-28,kyH0DRmWv5OGX1LDu2W/DayGfY8=,9xiEvgBjInXUw8GaUooJtRwruZA=
43,-27,kyH0DRmWv5OGX1LDu2W/DayGfY8=,9xiEvgBjInXUw8GaUooJtRwruZA=
40,-31,kyH0DRmWv5OGX1LDu2W/DayGfY8=,9xiEvgBjInXUw8GaUooJtRwruZA=
43,-29,kyH0DRmWv5OGX1LDu2W/DayGfY8=,9xiEvgBjInXUw8GaUooJtRwruZA=
42,-29,kyH0DRmWv5OGX1LDu2W/DayGfY8=,9xiEvgBjInXUw8GaUooJtRwruZA=
41,-29,kyH0DRmWv5OGX1LDu2W/DayGfY8=,9xiEvgBjInXUw8GaUooJtRwruZA=
44,-27,kyH0DRmWv5OGX1LDu2W/DayGfY8=,9xiEvgBjInXUw8GaUooJtRwruZA=
39,-31,kyH0DRmWv5OGX1LDu2W/DayGfY8=,H3CalSDmy9tuegXMqx8bwpLsEh8=
45,-27,kyH0DRmWv5OGX1LDu2W/DayGfY8=,9xiEvgBjInXUw8GaUooJtRwruZA=
40,-29,kyH0DRmWv5OGX1LDu2W/DayGfY8=,9xiEvgBjInXUw8GaUooJtRwruZA=
41,-31,kyH0DRmWv5OGX1LDu2W/DayGfY8=,9xiEvgBjInXUw8GaUooJtRwruZA=
44,-30,kyH0DRmWv5OGX1LDu2W/DayGfY8=,9xiEvgBjInXUw8GaUooJtRwruZA=
43,-30,kyH0DRmWv5OGX1LDu2W/DayGfY8=,9xiEvgBjInXUw8GaUooJtRwruZA=
46,-27,kyH0DRmWv5OGX1LDu2W/DayGfY8=,9xiEvgBjInXUw8GaUooJtRwruZA=
46,-30,kyH0DRmWv5OGX1LDu2W/DayGfY8=,9xiEvgBjInXUw8GaUooJtRwruZA=
39,-29,kyH0DRmWv5OGX1LDu2W/DayGfY8=,H3CalSDmy9tuegXMqx8bwpLsEh8=
42,-30,kyH0DRmWv5OGX1LDu2W/DayGfY8=,9xiEvgBjInXUw8GaUooJtRwruZA=
40,-30,kyH0DRmWv5OGX1LDu2W/DayGfY8=,9xiEvgBjInXUw8GaUooJtRwruZA=
41,-30,kyH0DRmWv5OGX1LDu2W/DayGfY8=,9xiEvgBjInXUw8GaUooJtRwruZA=
42,-31,kyH0DRmWv5OGX1LDu2W/DayGfY8=,9xiEvgBjInXUw8GaUooJtRwruZA=
43,-31,kyH0DRmWv5OGX1LDu2W/DayGfY8=,9xiEvgBjInXUw8GaUooJtRwruZA=
45,-30,kyH0DRmWv5OGX1LDu2W/DayGfY8=,9xiEvgBjInXUw8GaUooJtRwruZA=
45,-31,kyH0DRmWv5OGX1LDu2W/DayGfY8=,9xiEvgBjInXUw8GaUooJtRwruZA=
39,-30,kyH0DRmWv5OGX1LDu2W/DayGfY8=,H3CalSDmy9tuegXMqx8bwpLsEh8=
44,-31,kyH0DRmWv5OGX1LDu2W/DayGfY8=,9xiEvgBjInXUw8GaUooJtRwruZA=
46,-31,kyH0DRmWv5OGX1LDu2W/DayGfY8=,9xiEvgBjInXUw8GaUooJtRwruZA=
45,-26,kyH0DRmWv5OGX1LDu2W/DayGfY8=,9xiEvgBjInXUw8GaUooJtRwruZA=
46,-26,kyH0DRmWv5OGX1LDu2W/DayGfY8=,9xiEvgBjInXUw8GaUooJtRwruZA=
41,-26,kyH0DRmWv5OGX1LDu2W/DayGfY8=,9xiEvgBjInXUw8GaUooJtRwruZA=
42,-26,kyH0DRmWv5OGX1LDu2W/DayGfY8=,9xiEvgBjInXUw8GaUooJtRwruZA=
44,-26,kyH0DRmWv5OGX1LDu2W/DayGfY8=,9xiEvgBjInXUw8GaUooJtRwruZA=
40,-26,kyH0DRmWv5OGX1LDu2W/DayGfY8=,9xiEvgBjInXUw8GaUooJtRwruZA=
43,-26,kyH0DRmWv5OGX1LDu2W/DayGfY8=,9xiEvgBjInXUw8GaUooJtRwruZA=
45,-20,kyH0DRmWv5OGX1LDu2W/DayGfY8=,LnAXFy6F+SYehH/HCIR0COjK+wM=
44,-19,kyH0DRmWv5OGX1LDu2W/DayGfY8=,LnAXFy6F+SYehH/HCIR0COjK+wM=
45,-19,kyH0DRmWv5OGX1LDu2W/DayGfY8=,LnAXFy6F+SYehH/HCIR0COjK+wM=
46,-20,kyH0DRmWv5OGX1LDu2W/DayGfY8=,LnAXFy6F+SYehH/HCIR0COjK+wM=
46,-19,kyH0DRmWv5OGX1LDu2W/DayGfY8=,LnAXFy6F+SYehH/HCIR0COjK+wM=
41,-18,kyH0DRmWv5OGX1LDu2W/DayGfY8=,LnAXFy6F+SYehH/HCIR0COjK+wM=
45,-21,kyH0DRmWv5OGX1LDu2W/DayGfY8=,LnAXFy6F+SYehH/HCIR0COjK+wM=
43,-19,kyH0DRmWv5OGX1LDu2W/DayGfY8=,LnAXFy6F+SYehH/HCIR0COjK+wM=
44,-20,kyH0DRmWv5OGX1LDu2W/DayGfY8=,LnAXFy6F+SYehH/HCIR0COjK+wM=
46,-25,kyH0DRmWv5OGX1LDu2W/DayGfY8=,9xiEvgBjInXUw8GaUooJtRwruZA=
46,-21,kyH0DRmWv5OGX1LDu2W/DayGfY8=,LnAXFy6F+SYehH/HCIR0COjK+wM=
41,-22,kyH0DRmWv5OGX1LDu2W/DayGfY8=,LnAXFy6F+SYehH/HCIR0COjK+wM=
45,-25,kyH0DRmWv5OGX1LDu2W/DayGfY8=,9xiEvgBjInXUw8GaUooJtRwruZA=
44,-25,kyH0DRmWv5OGX1LDu2W/DayGfY8=,9xiEvgBjInXUw8GaUooJtRwruZA=
41,-25,kyH0DRmWv5OGX1LDu2W/DayGfY8=,9xiEvgBjInXUw8GaUooJtRwruZA=
42,-25,kyH0DRmWv5OGX1LDu2W/DayGfY8=,9xiEvgBjInXUw8GaUooJtRwruZA=
46,-22,kyH0DRmWv5OGX1LDu2W/DayGfY8=,LnAXFy6F+SYehH/HCIR0COjK+wM=
41,-19,kyH0DRmWv5OGX1LDu2W/DayGfY8=,LnAXFy6F+SYehH/HCIR0COjK+wM=
43,-25,kyH0DRmWv5OGX1LDu2W/DayGfY8=,9xiEvgBjInXUw8GaUooJtRwruZA=
42,-19,kyH0DRmWv5OGX1LDu2W/DayGfY8=,LnAXFy6F+SYehH/HCIR0COjK+wM=
44,-21,kyH0DRmWv5OGX1LDu2W/DayGfY8=,LnAXFy6F+SYehH/HCIR0COjK+wM=
43,-20,kyH0DRmWv5OGX1LDu2W/DayGfY8=,LnAXFy6F+SYehH/HCIR0COjK+wM=
46,-23,kyH0DRmWv5OGX1LDu2W/DayGfY8=,LnAXFy6F+SYehH/HCIR0COjK+wM=
43,-24,kyH0DRmWv5OGX1LDu2W/DayGfY8=,LnAXFy6F+SYehH/HCIR0COjK+wM=
42,-22,kyH0DRmWv5OGX1LDu2W/DayGfY8=,LnAXFy6F+SYehH/HCIR0COjK+wM=
43,-21,kyH0DRmWv5OGX1LDu2W/DayGfY8=,LnAXFy6F+SYehH/HCIR0COjK+wM=
42,-24,kyH0DRmWv5OGX1LDu2W/DayGfY8=,LnAXFy6F+SYehH/HCIR0COjK+wM=
44,-23,kyH0DRmWv5OGX1LDu2W/DayGfY8=,LnAXFy6F+SYehH/HCIR0COjK+wM=
42,-20,kyH0DRmWv5OGX1LDu2W/DayGfY8=,LnAXFy6F+SYehH/HCIR0COjK+wM=
42,-23,kyH0DRmWv5OGX1LDu2W/DayGfY8=,LnAXFy6F+SYehH/HCIR0COjK+wM=
45,-23,kyH0DRmWv5OGX1LDu2W/DayGfY8=,LnAXFy6F+SYehH/HCIR0COjK+wM=
41,-24,kyH0DRmWv5OGX1LDu2W/DayGfY8=,LnAXFy6F+SYehH/HCIR0COjK+wM=
43,-23,kyH0DRmWv5OGX1LDu2W/DayGfY8=,LnAXFy6F+SYehH/HCIR0COjK+wM=
41,-21,kyH0DRmWv5OGX1LDu2W/DayGfY8=,LnAXFy6F+SYehH/HCIR0COjK+wM=
42,-18,kyH0DRmWv5OGX1LDu2W/DayGfY8=,LnAXFy6F+SYehH/HCIR0COjK+wM=
43,-18,kyH0DRmWv5OGX1LDu2W/DayGfY8=,LnAXFy6F+SYehH/HCIR0COjK+wM=
45,-22,kyH0DRmWv5OGX1LDu2W/DayGfY8=,LnAXFy6F+SYehH/HCIR0COjK+wM=
41,-23,kyH0DRmWv5OGX1LDu2W/DayGfY8=,LnAXFy6F+SYehH/HCIR0COjK+wM=
45,-24,kyH0DRmWv5OGX1LDu2W/DayGfY8=,LnAXFy6F+SYehH/HCIR0COjK+wM=
46,-24,kyH0DRmWv5OGX1LDu2W/DayGfY8=,LnAXFy6F+SYehH/HCIR0COjK+wM=
46,-18,kyH0DRmWv5OGX1LDu2W/DayGfY8=,LnAXFy6F+SYehH/HCIR0COjK+wM=
45,-18,kyH0DRmWv5OGX1LDu2W/DayGfY8=,LnAXFy6F+SYehH/HCIR0COjK+wM=
44,-18,kyH0DRmWv5OGX1LDu2W/DayGfY8=,LnAXFy6F+SYehH/HCIR0COjK+wM=
44,-24,kyH0DRmWv5OGX1LDu2W/DayGfY8=,LnAXFy6F+SYehH/HCIR0COjK+wM=
41,-20,kyH0DRmWv5OGX1LDu2W/DayGfY8=,LnAXFy6F+SYehH/HCIR0COjK+wM=
44,-22,kyH0DRmWv5OGX1LDu2W/DayGfY8=,LnAXFy6F+SYehH/HCIR0COjK+wM=
43,-22,kyH0DRmWv5OGX1LDu2W/DayGfY8=,LnAXFy6F+SYehH/HCIR0COjK+wM=
42,-21,kyH0DRmWv5OGX1LDu2W/DayGfY8=,LnAXFy6F+SYehH/HCIR0COjK+wM=
39,-18,kyH0DRmWv5OGX1LDu2W/DayGfY8=,tmskwVtiD/KkHizCCmJ+Q1Xo7Zk=
35,-21,kyH0DRmWv5OGX1LDu2W/DayGfY8=,tmskwVtiD/KkHizCCmJ+Q1Xo7Zk=
34,-21,kyH0DRmWv5OGX1LDu2W/DayGfY8=,tmskwVtiD/KkHizCCmJ+Q1Xo7Zk=
33,-21,kyH0DRmWv5OGX1LDu2W/DayGfY8=,tmskwVtiD/KkHizCCmJ+Q1Xo7Zk=
34,-22,kyH0DRmWv5OGX1LDu2W/DayGfY8=,tmskwVtiD/KkHizCCmJ+Q1Xo7Zk=
38,-22,kyH0DRmWv5OGX1LDu2W/DayGfY8=,tmskwVtiD/KkHizCCmJ+Q1Xo7Zk=
38,-23,kyH0DRmWv5OGX1LDu2W/DayGfY8=,tmskwVtiD/KkHizCCmJ+Q1Xo7Zk=
40,-22,kyH0DRmWv5OGX1LDu2W/DayGfY8=,LnAXFy6F+SYehH/HCIR0COjK+wM=
39,-22,kyH0DRmWv5OGX1LDu2W/DayGfY8=,tmskwVtiD/KkHizCCmJ+Q1Xo7Zk=
39,-23,kyH0DRmWv5OGX1LDu2W/DayGfY8=,tmskwVtiD/KkHizCCmJ+Q1Xo7Zk=
38,-18,kyH0DRmWv5OGX1LDu2W/DayGfY8=,tmskwVtiD/KkHizCCmJ+Q1Xo7Zk=
37,-23,kyH0DRmWv5OGX1LDu2W/DayGfY8=,tmskwVtiD/KkHizCCmJ+Q1Xo7Zk=
35,-22,kyH0DRmWv5OGX1LDu2W/DayGfY8=,tmskwVtiD/KkHizCCmJ+Q1Xo7Zk=
33,-22,kyH0DRmWv5OGX1LDu2W/DayGfY8=,tmskwVtiD/KkHizCCmJ+Q1Xo7Zk=
36,-23,kyH0DRmWv5OGX1LDu2W/DayGfY8=,tmskwVtiD/KkHizCCmJ+Q1Xo7Zk=
40,-25,kyH0DRmWv5OGX1LDu2W/DayGfY8=,9xiEvgBjInXUw8GaUooJtRwruZA=
37,-22,kyH0DRmWv5OGX1LDu2W/DayGfY8=,tmskwVtiD/KkHizCCmJ+Q1Xo7Zk=
36,-22,kyH0DRmWv5OGX1LDu2W/DayGfY8=,tmskwVtiD/KkHizCCmJ+Q1Xo7Zk=
36,-21,kyH0DRmWv5OGX1LDu2W/DayGfY8=,tmskwVtiD/KkHizCCmJ+Q1Xo7Zk=
37,-18,kyH0DRmWv5OGX1LDu2W/DayGfY8=,tmskwVtiD/KkHizCCmJ+Q1Xo7Zk=
34,-23,kyH0DRmWv5OGX1LDu2W/DayGfY8=,tmskwVtiD/KkHizCCmJ+Q1Xo7Zk=
36,-18,kyH0DRmWv5OGX1LDu2W/DayGfY8=,tmskwVtiD/KkHizCCmJ+Q1Xo7Zk=
37,-24,kyH0DRmWv5OGX1LDu2W/DayGfY8=,tmskwVtiD/KkHizCCmJ+Q1Xo7Zk=
38,-24,kyH0DRmWv5OGX1LDu2W/DayGfY8=,tmskwVtiD/KkHizCCmJ+Q1Xo7Zk=
37,-21,kyH0DRmWv5OGX1LDu2W/DayGfY8=,tmskwVtiD/KkHizCCmJ+Q1Xo7Zk=
40,-23,kyH0DRmWv5OGX1LDu2W/DayGfY8=,LnAXFy6F+SYehH/HCIR0COjK+wM=
35,-23,kyH0DRmWv5OGX1LDu2W/DayGfY8=,tmskwVtiD/KkHizCCmJ+Q1Xo7Zk=
39,-24,kyH0DRmWv5OGX1LDu2W/DayGfY8=,tmskwVtiD/KkHizCCmJ+Q1Xo7Zk=
34,-18,kyH0DRmWv5OGX1LDu2W/DayGfY8=,tmskwVtiD/KkHizCCmJ+Q1Xo7Zk=
33,-23,kyH0DRmWv5OGX1LDu2W/DayGfY8=,tmskwVtiD/KkHizCCmJ+Q1Xo7Zk=
38,-21,kyH0DRmWv5OGX1LDu2W/DayGfY8=,tmskwVtiD/KkHizCCmJ+Q1Xo7Zk=
39,-19,kyH0DRmWv5OGX1LDu2W/DayGfY8=,tmskwVtiD/KkHizCCmJ+Q1Xo7Zk=
36,-24,kyH0DRmWv5OGX1LDu2W/DayGfY8=,tmskwVtiD/KkHizCCmJ+Q1Xo7Zk=
40,-19,kyH0DRmWv5OGX1LDu2W/DayGfY8=,LnAXFy6F+SYehH/HCIR0COjK+wM=
35,-18,kyH0DRmWv5OGX1LDu2W/DayGfY8=,tmskwVtiD/KkHizCCmJ+Q1Xo7Zk=
40,-24,kyH0DRmWv5OGX1LDu2W/DayGfY8=,LnAXFy6F+SYehH/HCIR0COjK+wM=
38,-19,kyH0DRmWv5OGX1LDu2W/DayGfY8=,tmskwVtiD/KkHizCCmJ+Q1Xo7Zk=
35,-24,kyH0DRmWv5OGX1LDu2W/DayGfY8=,tmskwVtiD/KkHizCCmJ+Q1Xo7Zk=
33,-18,kyH0DRmWv5OGX1LDu2W/DayGfY8=,tmskwVtiD/KkHizCCmJ+Q1Xo7Zk=
35,-19,kyH0DRmWv5OGX1LDu2W/DayGfY8=,tmskwVtiD/KkHizCCmJ+Q1Xo7Zk=
39,-25,kyH0DRmWv5OGX1LDu2W/DayGfY8=,H3CalSDmy9tuegXMqx8bwpLsEh8=
38,-25,kyH0DRmWv5OGX1LDu2W/DayGfY8=,H3CalSDmy9tuegXMqx8bwpLsEh8=
33,-24,kyH0DRmWv5OGX1LDu2W/DayGfY8=,tmskwVtiD/KkHizCCmJ+Q1Xo7Zk=
34,-24,kyH0DRmWv5OGX1LDu2W/DayGfY8=,tmskwVtiD/KkHizCCmJ+Q1Xo7Zk=
37,-25,kyH0DRmWv5OGX1LDu2W/DayGfY8=,H3CalSDmy9tuegXMqx8bwpLsEh8=
37,-19,kyH0DRmWv5OGX1LDu2W/DayGfY8=,tmskwVtiD/KkHizCCmJ+Q1Xo7Zk=
36,-19,kyH0DRmWv5OGX1LDu2W/DayGfY8=,tmskwVtiD/KkHizCCmJ+Q1Xo7Zk=
35,-20,kyH0DRmWv5OGX1LDu2W/DayGfY8=,tmskwVtiD/KkHizCCmJ+Q1Xo7Zk=
36,-25,kyH0DRmWv5OGX1LDu2W/DayGfY8=,H3CalSDmy9tuegXMqx8bwpLsEh8=
36,-20,kyH0DRmWv5OGX1LDu2W/DayGfY8=,tmskwVtiD/KkHizCCmJ+Q1Xo7Zk=
34,-19,kyH0DRmWv5OGX1LDu2W/DayGfY8=,tmskwVtiD/KkHizCCmJ+Q1Xo7Zk=
40,-18,kyH0DRmWv5OGX1LDu2W/DayGfY8=,LnAXFy6F+SYehH/HCIR0COjK+wM=
33,-19,kyH0DRmWv5OGX1LDu2W/DayGfY8=,tmskwVtiD/KkHizCCmJ+Q1Xo7Zk=
34,-25,kyH0DRmWv5OGX1LDu2W/DayGfY8=,H3CalSDmy9tuegXMqx8bwpLsEh8=
33,-25,kyH0DRmWv5OGX1LDu2W/DayGfY8=,H3CalSDmy9tuegXMqx8bwpLsEh8=
35,-25,kyH0DRmWv5OGX1LDu2W/DayGfY8=,H3CalSDmy9tuegXMqx8bwpLsEh8=
33,-20,kyH0DRmWv5OGX1LDu2W/DayGfY8=,tmskwVtiD/KkHizCCmJ+Q1Xo7Zk=
37,-20,kyH0DRmWv5OGX1LDu2W/DayGfY8=,tmskwVtiD/KkHizCCmJ+Q1Xo7Zk=
34,-20,kyH0DRmWv5OGX1LDu2W/DayGfY8=,tmskwVtiD/KkHizCCmJ+Q1Xo7Zk=
38,-20,kyH0DRmWv5OGX1LDu2W/DayGfY8=,tmskwVtiD/KkHizCCmJ+Q1Xo7Zk=
39,-21,kyH0DRmWv5OGX1LDu2W/DayGfY8=,tmskwVtiD/KkHizCCmJ+Q1Xo7Zk=
39,-20,kyH0DRmWv5OGX1LDu2W/DayGfY8=,tmskwVtiD/KkHizCCmJ+Q1Xo7Zk=
40,-21,kyH0DRmWv5OGX1LDu2W/DayGfY8=,LnAXFy6F+SYehH/HCIR0COjK+wM=
40,-20,kyH0DRmWv5OGX1LDu2W/DayGfY8=,LnAXFy6F+SYehH/HCIR0COjK+wM=
42,-17,kyH0DRmWv5OGX1LDu2W/DayGfY8=,LnAXFy6F+SYehH/HCIR0COjK+wM=
41,-17,kyH0DRmWv5OGX1LDu2W/DayGfY8=,LnAXFy6F+SYehH/HCIR0COjK+wM=
46,-17,kyH0DRmWv5OGX1LDu2W/DayGfY8=,LnAXFy6F+SYehH/HCIR0COjK+wM=
43,-17,kyH0DRmWv5OGX1LDu2W/DayGfY8=,LnAXFy6F+SYehH/HCIR0COjK+wM=
45,-17,kyH0DRmWv5OGX1LDu2W/DayGfY8=,LnAXFy6F+SYehH/HCIR0COjK+wM=
39,-17,kyH0DRmWv5OGX1LDu2W/DayGfY8=,tmskwVtiD/KkHizCCmJ+Q1Xo7Zk=
44,-17,kyH0DRmWv5OGX1LDu2W/DayGfY8=,LnAXFy6F+SYehH/HCIR0COjK+wM=
38,-17,kyH0DRmWv5OGX1LDu2W/DayGfY8=,tmskwVtiD/KkHizCCmJ+Q1Xo7Zk=
37,-17,kyH0DRmWv5OGX1LDu2W/DayGfY8=,tmskwVtiD/KkHizCCmJ+Q1Xo7Zk=
35,-17,kyH0DRmWv5OGX1LDu2W/DayGfY8=,tmskwVtiD/KkHizCCmJ+Q1Xo7Zk=
40,-17,kyH0DRmWv5OGX1LDu2W/DayGfY8=,LnAXFy6F+SYehH/HCIR0COjK+wM=
33,-17,kyH0DRmWv5OGX1LDu2W/DayGfY8=,tmskwVtiD/KkHizCCmJ+Q1Xo7Zk=
32,-27,kyH0DRmWv5OGX1LDu2W/DayGfY8=,H3CalSDmy9tuegXMqx8bwpLsEh8=
32,-28,kyH0DRmWv5OGX1LDu2W/DayGfY8=,H3CalSDmy9tuegXMqx8bwpLsEh8=
32,-20,kyH0DRmWv5OGX1LDu2W/DayGfY8=,tmskwVtiD/KkHizCCmJ+Q1Xo7Zk=
32,-29,kyH0DRmWv5OGX1LDu2W/DayGfY8=,H3CalSDmy9tuegXMqx8bwpLsEh8=
32,-31,kyH0DRmWv5OGX1LDu2W/DayGfY8=,H3CalSDmy9tuegXMqx8bwpLsEh8=
34,-17,kyH0DRmWv5OGX1LDu2W/DayGfY8=,tmskwVtiD/KkHizCCmJ+Q1Xo7Zk=
32,-30,kyH0DRmWv5OGX1LDu2W/DayGfY8=,H3CalSDmy9tuegXMqx8bwpLsEh8=
32,-21,kyH0DRmWv5OGX1LDu2W/DayGfY8=,tmskwVtiD/KkHizCCmJ+Q1Xo7Zk=
32,-18,kyH0DRmWv5OGX1LDu2W/DayGfY8=,tmskwVtiD/KkHizCCmJ+Q1Xo7Zk=
32,-26,kyH0DRmWv5OGX1LDu2W/DayGfY8=,H3CalSDmy9tuegXMqx8bwpLsEh8=
36,-17,kyH0DRmWv5OGX1LDu2W/DayGfY8=,tmskwVtiD/KkHizCCmJ+Q1Xo7Zk=
32,-19,kyH0DRmWv5OGX1LDu2W/DayGfY8=,tmskwVtiD/KkHizCCmJ+Q1Xo7Zk=
32,-25,kyH0DRmWv5OGX1LDu2W/DayGfY8=,H3CalSDmy9tuegXMqx8bwpLsEh8=
32,-22,kyH0DRmWv5OGX1LDu2W/DayGfY8=,tmskwVtiD/KkHizCCmJ+Q1Xo7Zk=
32,-23,kyH0DRmWv5OGX1LDu2W/DayGfY8=,tmskwVtiD/KkHizCCmJ+Q1Xo7Zk=
32,-24,kyH0DRmWv5OGX1LDu2W/DayGfY8=,tmskwVtiD/KkHizCCmJ+Q1Xo7Zk=
41,-32,kyH0DRmWv5OGX1LDu2W/DayGfY8=,9xiEvgBjInXUw8GaUooJtRwruZA=
44,-32,kyH0DRmWv5OGX1LDu2W/DayGfY8=,9xiEvgBjInXUw8GaUooJtRwruZA=
46,-32,kyH0DRmWv5OGX1LDu2W/DayGfY8=,9xiEvgBjInXUw8GaUooJtRwruZA=
42,-32,kyH0DRmWv5OGX1LDu2W/DayGfY8=,9xiEvgBjInXUw8GaUooJtRwruZA=
45,-32,kyH0DRmWv5OGX1LDu2W/DayGfY8=,9xiEvgBjInXUw8GaUooJtRwruZA=
47,-18,kyH0DRmWv5OGX1LDu2W/DayGfY8=,LnAXFy6F+SYehH/HCIR0COjK+wM=
47,-23,kyH0DRmWv5OGX1LDu2W/DayGfY8=,LnAXFy6F+SYehH/HCIR0COjK+wM=
47,-22,kyH0DRmWv5OGX1LDu2W/DayGfY8=,LnAXFy6F+SYehH/HCIR0COjK+wM=
43,-32,kyH0DRmWv5OGX1LDu2W/DayGfY8=,9xiEvgBjInXUw8GaUooJtRwruZA=
47,-19,kyH0DRmWv5OGX1LDu2W/DayGfY8=,LnAXFy6F+SYehH/HCIR0COjK+wM=
47,-29,kyH0DRmWv5OGX1LDu2W/DayGfY8=,9xiEvgBjInXUw8GaUooJtRwruZA=
47,-28,kyH0DRmWv5OGX1LDu2W/DayGfY8=,9xiEvgBjInXUw8GaUooJtRwruZA=
47,-20,kyH0DRmWv5OGX1LDu2W/DayGfY8=,LnAXFy6F+SYehH/HCIR0COjK+wM=
47,-31,kyH0DRmWv5OGX1LDu2W/DayGfY8=,9xiEvgBjInXUw8GaUooJtRwruZA=
47,-27,kyH0DRmWv5OGX1LDu2W/DayGfY8=,9xiEvgBjInXUw8GaUooJtRwruZA=
47,-21,kyH0DRmWv5OGX1LDu2W/DayGfY8=,LnAXFy6F+SYehH/HCIR0COjK+wM=
47,-24,kyH0DRmWv5OGX1LDu2W/DayGfY8=,LnAXFy6F+SYehH/HCIR0COjK+wM=
47,-26,kyH0DRmWv5OGX1LDu2W/DayGfY8=,9xiEvgBjInXUw8GaUooJtRwruZA=
47,-30,kyH0DRmWv5OGX1LDu2W/DayGfY8=,9xiEvgBjInXUw8GaUooJtRwruZA=
47,-25,kyH0DRmWv5OGX1LDu2W/DayGfY8=,9xiEvgBjInXUw8GaUooJtRwruZA=
32,-17,kyH0DRmWv5OGX1LDu2W/DayGfY8=,tmskwVtiD/KkHizCCmJ+Q1Xo7Zk=
40,-32,kyH0DRmWv5OGX1LDu2W/DayGfY8=,9xiEvgBjInXUw8GaUooJtRwruZA=
36,-32,kyH0DRmWv5OGX1LDu2W/DayGfY8=,H3CalSDmy9tuegXMqx8bwpLsEh8=
39,-32,kyH0DRmWv5OGX1LDu2W/DayGfY8=,H3CalSDmy9tuegXMqx8bwpLsEh8=
38,-32,kyH0DRmWv5OGX1LDu2W/DayGfY8=,H3CalSDmy9tuegXMqx8bwpLsEh8=
34,-32,kyH0DRmWv5OGX1LDu2W/DayGfY8=,H3CalSDmy9tuegXMqx8bwpLsEh8=
37,-32,kyH0DRmWv5OGX1LDu2W/DayGfY8=,H3CalSDmy9tuegXMqx8bwpLsEh8=
47,-17,kyH0DRmWv5OGX1LDu2W/DayGfY8=,LnAXFy6F+SYehH/HCIR0COjK+wM=
32,-32,kyH0DRmWv5OGX1LDu2W/DayGfY8=,H3CalSDmy9tuegXMqx8bwpLsEh8=
33,-32,kyH0DRmWv5OGX1LDu2W/DayGfY8=,H3CalSDmy9tuegXMqx8bwpLsEh8=
35,-32,kyH0DRmWv5OGX1LDu2W/DayGfY8=,H3CalSDmy9tuegXMqx8bwpLsEh8=
47,-32,kyH0DRmWv5OGX1LDu2W/DayGfY8=,9xiEvgBjInXUw8GaUooJtRwruZA=
45,-2,kyH0DRmWv5OGX1LDu2W/DayGfY8=,O2GqyyREbkH+mtLUxjtXSupDFkM=
43,-1,kyH0DRmWv5OGX1LDu2W/DayGfY8=,O2GqyyREbkH+mtLUxjtXSupDFkM=
47,-4,kyH0DRmWv5OGX1LDu2W/DayGfY8=,O2GqyyREbkH+mtLUxjtXSupDFkM=
44,-1,kyH0DRmWv5OGX1LDu2W/DayGfY8=,O2GqyyREbkH+mtLUxjtXSupDFkM=
42,-1,kyH0DRmWv5OGX1LDu2W/DayGfY8=,O2GqyyREbkH+mtLUxjtXSupDFkM=
45,-3,kyH0DRmWv5OGX1LDu2W/DayGfY8=,O2GqyyREbkH+mtLUxjtXSupDFkM=
41,-1,kyH0DRmWv5OGX1LDu2W/DayGfY8=,O2GqyyREbkH+mtLUxjtXSupDFkM=
46,-2,kyH0DRmWv5OGX1LDu2W/DayGfY8=,O2GqyyREbkH+mtLUxjtXSupDFkM=
47,-5,kyH0DRmWv5OGX1LDu2W/DayGfY8=,O2GqyyREbkH+mtLUxjtXSupDFkM=
46,-4,kyH0DRmWv5OGX1LDu2W/DayGfY8=,O2GqyyREbkH+mtLUxjtXSupDFkM=
47,-2,kyH0DRmWv5OGX1LDu2W/DayGfY8=,O2GqyyREbkH+mtLUxjtXSupDFkM=
47,-6,kyH0DRmWv5OGX1LDu2W/DayGfY8=,O2GqyyREbkH+mtLUxjtXSupDFkM=
44,-5,kyH0DRmWv5OGX1LDu2W/DayGfY8=,O2GqyyREbkH+mtLUxjtXSupDFkM=
45,-5,kyH0DRmWv5OGX1LDu2W/DayGfY8=,O2GqyyREbkH+mtLUxjtXSupDFkM=
46,-5,kyH0DRmWv5OGX1LDu2W/DayGfY8=,O2GqyyREbkH+mtLUxjtXSupDFkM=
46,-6,kyH0DRmWv5OGX1LDu2W/DayGfY8=,O2GqyyREbkH+mtLUxjtXSupDFkM=
43,-3,kyH0DRmWv5OGX1LDu2W/DayGfY8=,O2GqyyREbkH+mtLUxjtXSupDFkM=
45,-4,kyH0DRmWv5OGX1LDu2W/DayGfY8=,O2GqyyREbkH+mtLUxjtXSupDFkM=
43,-5,kyH0DRmWv5OGX1LDu2W/DayGfY8=,O2GqyyREbkH+mtLUxjtXSupDFkM=
45,-6,kyH0DRmWv5OGX1LDu2W/DayGfY8=,O2GqyyREbkH+mtLUxjtXSupDFkM=
45,-7,kyH0DRmWv5OGX1LDu2W/DayGfY8=,O2GqyyREbkH+mtLUxjtXSupDFkM=
47,-7,kyH0DRmWv5OGX1LDu2W/DayGfY8=,O2GqyyREbkH+mtLUxjtXSupDFkM=
41,-8,kyH0DRmWv5OGX1LDu2W/DayGfY8=,O2GqyyREbkH+mtLUxjtXSupDFkM=
42,-3,kyH0DRmWv5OGX1LDu2W/DayGfY8=,O2GqyyREbkH+mtLUxjtXSupDFkM=
44,-7,kyH0DRmWv5OGX1LDu2W/DayGfY8=,O2GqyyREbkH+mtLUxjtXSupDFkM=
46,-7,kyH0DRmWv5OGX1LDu2W/DayGfY8=,O2GqyyREbkH+mtLUxjtXSupDFkM=
42,-7,kyH0DRmWv5OGX1LDu2W/DayGfY8=,O2GqyyREbkH+mtLUxjtXSupDFkM=
43,-2,kyH0DRmWv5OGX1LDu2W/DayGfY8=,O2GqyyREbkH+mtLUxjtXSupDFkM=
44,-3,kyH0DRmWv5OGX1LDu2W/DayGfY8=,O2GqyyREbkH+mtLUxjtXSupDFkM=
44,-2,kyH0DRmWv5OGX1LDu2W/DayGfY8=,O2GqyyREbkH+mtLUxjtXSupDFkM=
41,-2,kyH0DRmWv5OGX1LDu2W/DayGfY8=,O2GqyyREbkH+mtLUxjtXSupDFkM=
44,-4,kyH0DRmWv5OGX1LDu2W/DayGfY8=,O2GqyyREbkH+mtLUxjtXSupDFkM=
43,-7,kyH0DRmWv5OGX1LDu2W/DayGfY8=,O2GqyyREbkH+mtLUxjtXSupDFkM=
47,-3,kyH0DRmWv5OGX1LDu2W/DayGfY8=,O2GqyyREbkH+mtLUxjtXSupDFkM=
46,-3,kyH0DRmWv5OGX1LDu2W/DayGfY8=,O2GqyyREbkH+mtLUxjtXSupDFkM=
42,-5,kyH0DRmWv5OGX1LDu2W/DayGfY8=,O2GqyyREbkH+mtLUxjtXSupDFkM=
44,-6,kyH0DRmWv5OGX1LDu2W/DayGfY8=,O2GqyyREbkH+mtLUxjtXSupDFkM=
43,-4,kyH0DRmWv5OGX1LDu2W/DayGfY8=,O2GqyyREbkH+mtLUxjtXSupDFkM=
43,-6,kyH0DRmWv5OGX1LDu2W/DayGfY8=,O2GqyyREbkH+mtLUxjtXSupDFkM=
42,-2,kyH0DRmWv5OGX1LDu2W/DayGfY8=,O2GqyyREbkH+mtLUxjtXSupDFkM=
42,-4,kyH0DRmWv5OGX1LDu2W/DayGfY8=,O2GqyyREbkH+mtLUxjtXSupDFkM=
41,-3,kyH0DRmWv5OGX1LDu2W/DayGfY8=,O2GqyyREbkH+mtLUxjtXSupDFkM=
42,-6,kyH0DRmWv5OGX1LDu2W/DayGfY8=,O2GqyyREbkH+mtLUxjtXSupDFkM=
41,-7,kyH0DRmWv5OGX1LDu2W/DayGfY8=,O2GqyyREbkH+mtLUxjtXSupDFkM=
46,-8,kyH0DRmWv5OGX1LDu2W/DayGfY8=,O2GqyyREbkH+mtLUxjtXSupDFkM=
45,-8,kyH0DRmWv5OGX1LDu2W/DayGfY8=,O2GqyyREbkH+mtLUxjtXSupDFkM=
44,-8,kyH0DRmWv5OGX1LDu2W/DayGfY8=,O2GqyyREbkH+mtLUxjtXSupDFkM=
42,-8,kyH0DRmWv5OGX1LDu2W/DayGfY8=,O2GqyyREbkH+mtLUxjtXSupDFkM=
43,-8,kyH0DRmWv5OGX1LDu2W/DayGfY8=,O2GqyyREbkH+mtLUxjtXSupDFkM=
41,-5,kyH0DRmWv5OGX1LDu2W/DayGfY8=,O2GqyyREbkH+mtLUxjtXSupDFkM=
46,-1,kyH0DRmWv5OGX1LDu2W/DayGfY8=,O2GqyyREbkH+mtLUxjtXSupDFkM=
41,-6,kyH0DRmWv5OGX1LDu2W/DayGfY8=,O2GqyyREbkH+mtLUxjtXSupDFkM=
41,-4,kyH0DRmWv5OGX1LDu2W/DayGfY8=,O2GqyyREbkH+mtLUxjtXSupDFkM=
47,-8,kyH0DRmWv5OGX1LDu2W/DayGfY8=,O2GqyyREbkH+mtLUxjtXSupDFkM=
45,-1,kyH0DRmWv5OGX1LDu2W/DayGfY8=,O2GqyyREbkH+mtLUxjtXSupDFkM=
37,-3,kyH0DRmWv5OGX1LDu2W/DayGfY8=,QrLylXHXELCjEcsOBsJqDkwLqeE=
38,-3,kyH0DRmWv5OGX1LDu2W/DayGfY8=,QrLylXHXELCjEcsOBsJqDkwLqeE=
39,-3,kyH0DRmWv5OGX1LDu2W/DayGfY8=,QrLylXHXELCjEcsOBsJqDkwLqeE=
35,-3,kyH0DRmWv5OGX1LDu2W/DayGfY8=,QrLylXHXELCjEcsOBsJqDkwLqeE=
32,-2,kyH0DRmWv5OGX1LDu2W/DayGfY8=,QrLylXHXELCjEcsOBsJqDkwLqeE=
36,-3,kyH0DRmWv5OGX1LDu2W/DayGfY8=,QrLylXHXELCjEcsOBsJqDkwLqeE=
33,-2,kyH0DRmWv5OGX1LDu2W/DayGfY8=,QrLylXHXELCjEcsOBsJqDkwLqeE=
34,-2,kyH0DRmWv5OGX1LDu2W/DayGfY8=,QrLylXHXELCjEcsOBsJqDkwLqeE=
34,-3,kyH0DRmWv5OGX1LDu2W/DayGfY8=,QrLylXHXELCjEcsOBsJqDkwLqeE=
40,-4,kyH0DRmWv5OGX1LDu2W/DayGfY8=,O2GqyyREbkH+mtLUxjtXSupDFkM=
40,-3,kyH0DRmWv5OGX1LDu2W/DayGfY8=,O2GqyyREbkH+mtLUxjtXSupDFkM=
35,-2,kyH0DRmWv5OGX1LDu2W/DayGfY8=,QrLylXHXELCjEcsOBsJqDkwLqeE=
37,-2,kyH0DRmWv5OGX1LDu2W/DayGfY8=,QrLylXHXELCjEcsOBsJqDkwLqeE=
36,-2,kyH0DRmWv5OGX1LDu2W/DayGfY8=,QrLylXHXELCjEcsOBsJqDkwLqeE=
33,-3,kyH0DRmWv5OGX1LDu2W/DayGfY8=,QrLylXHXELCjEcsOBsJqDkwLqeE=
40,-5,kyH0DRmWv5OGX1LDu2W/DayGfY8=,O2GqyyREbkH+mtLUxjtXSupDFkM=
39,-2,kyH0DRmWv5OGX1LDu2W/DayGfY8=,QrLylXHXELCjEcsOBsJqDkwLqeE=
40,-7,kyH0DRmWv5OGX1LDu2W/DayGfY8=,O2GqyyREbkH+mtLUxjtXSupDFkM=
32,-3,kyH0DRmWv5OGX1LDu2W/DayGfY8=,QrLylXHXELCjEcsOBsJqDkwLqeE=
33,-1,kyH0DRmWv5OGX1LDu2W/DayGfY8=,QrLylXHXELCjEcsOBsJqDkwLqeE=
38,-2,kyH0DRmWv5OGX1LDu2W/DayGfY8=,QrLylXHXELCjEcsOBsJqDkwLqeE=
40,-1,kyH0DRmWv5OGX1LDu2W/DayGfY8=,O2GqyyREbkH+mtLUxjtXSupDFkM=
34,-1,kyH0DRmWv5OGX1LDu2W/DayGfY8=,QrLylXHXELCjEcsOBsJqDkwLqeE=
32,-1,kyH0DRmWv5OGX1LDu2W/DayGfY8=,QrLylXHXELCjEcsOBsJqDkwLqeE=
39,-4,kyH0DRmWv5OGX1LDu2W/DayGfY8=,QrLylXHXELCjEcsOBsJqDkwLqeE=
38,-4,kyH0DRmWv5OGX1LDu2W/DayGfY8=,QrLylXHXELCjEcsOBsJqDkwLqeE=
35,-1,kyH0DRmWv5OGX1LDu2W/DayGfY8=,QrLylXHXELCjEcsOBsJqDkwLqeE=
36,-1,kyH0DRmWv5OGX1LDu2W/DayGfY8=,QrLylXHXELCjEcsOBsJqDkwLqeE=
37,-4,kyH0DRmWv5OGX1LDu2W/DayGfY8=,QrLylXHXELCjEcsOBsJqDkwLqeE=
33,-4,kyH0DRmWv5OGX1LDu2W/DayGfY8=,QrLylXHXELCjEcsOBsJqDkwLqeE=
39,-5,kyH0DRmWv5OGX1LDu2W/DayGfY8=,QrLylXHXELCjEcsOBsJqDkwLqeE=
32,-4,kyH0DRmWv5OGX1LDu2W/DayGfY8=,QrLylXHXELCjEcsOBsJqDkwLqeE=
38,-5,kyH0DRmWv5OGX1LDu2W/DayGfY8=,QrLylXHXELCjEcsOBsJqDkwLqeE=
35,-4,kyH0DRmWv5OGX1LDu2W/DayGfY8=,QrLylXHXELCjEcsOBsJqDkwLqeE=
37,-5,kyH0DRmWv5OGX1LDu2W/DayGfY8=,QrLylXHXELCjEcsOBsJqDkwLqeE=
36,-5,kyH0DRmWv5OGX1LDu2W/DayGfY8=,QrLylXHXELCjEcsOBsJqDkwLqeE=
35,-5,kyH0DRmWv5OGX1LDu2W/DayGfY8=,QrLylXHXELCjEcsOBsJqDkwLqeE=
34,-5,kyH0DRmWv5OGX1LDu2W/DayGfY8=,QrLylXHXELCjEcsOBsJqDkwLqeE=
33,-5,kyH0DRmWv5OGX1LDu2W/DayGfY8=,QrLylXHXELCjEcsOBsJqDkwLqeE=
32,-5,kyH0DRmWv5OGX1LDu2W/DayGfY8=,QrLylXHXELCjEcsOBsJqDkwLqeE=
40,-6,kyH0DRmWv5OGX1LDu2W/DayGfY8=,O2GqyyREbkH+mtLUxjtXSupDFkM=
39,-6,kyH0DRmWv5OGX1LDu2W/DayGfY8=,QrLylXHXELCjEcsOBsJqDkwLqeE=
38,-6,kyH0DRmWv5OGX1LDu2W/DayGfY8=,QrLylXHXELCjEcsOBsJqDkwLqeE=
34,-4,kyH0DRmWv5OGX1LDu2W/DayGfY8=,QrLylXHXELCjEcsOBsJqDkwLqeE=
40,-2,kyH0DRmWv5OGX1LDu2W/DayGfY8=,O2GqyyREbkH+mtLUxjtXSupDFkM=
39,-1,kyH0DRmWv5OGX1LDu2W/DayGfY8=,QrLylXHXELCjEcsOBsJqDkwLqeE=
37,-6,kyH0DRmWv5OGX1LDu2W/DayGfY8=,QrLylXHXELCjEcsOBsJqDkwLqeE=
38,-1,kyH0DRmWv5OGX1LDu2W/DayGfY8=,QrLylXHXELCjEcsOBsJqDkwLqeE=
37,-1,kyH0DRmWv5OGX1LDu2W/DayGfY8=,QrLylXHXELCjEcsOBsJqDkwLqeE=
36,-6,kyH0DRmWv5OGX1LDu2W/DayGfY8=,QrLylXHXELCjEcsOBsJqDkwLqeE=
36,-4,kyH0DRmWv5OGX1LDu2W/DayGfY8=,QrLylXHXELCjEcsOBsJqDkwLqeE=
38,-7,kyH0DRmWv5OGX1LDu2W/DayGfY8=,QrLylXHXELCjEcsOBsJqDkwLqeE=
35,-6,kyH0DRmWv5OGX1LDu2W/DayGfY8=,QrLylXHXELCjEcsOBsJqDkwLqeE=
32,-6,kyH0DRmWv5OGX1LDu2W/DayGfY8=,QrLylXHXELCjEcsOBsJqDkwLqeE=
33,-6,kyH0DRmWv5OGX1LDu2W/DayGfY8=,QrLylXHXELCjEcsOBsJqDkwLqeE=
37,-7,kyH0DRmWv5OGX1LDu2W/DayGfY8=,QrLylXHXELCjEcsOBsJqDkwLqeE=
32,-7,kyH0DRmWv5OGX1LDu2W/DayGfY8=,QrLylXHXELCjEcsOBsJqDkwLqeE=
34,-6,kyH0DRmWv5OGX1LDu2W/DayGfY8=,QrLylXHXELCjEcsOBsJqDkwLqeE=
33,-7,kyH0DRmWv5OGX1LDu2W/DayGfY8=,QrLylXHXELCjEcsOBsJqDkwLqeE=
39,-7,kyH0DRmWv5OGX1LDu2W/DayGfY8=,QrLylXHXELCjEcsOBsJqDkwLqeE=
36,-7,kyH0DRmWv5OGX1LDu2W/DayGfY8=,QrLylXHXELCjEcsOBsJqDkwLqeE=
34,-7,kyH0DRmWv5OGX1LDu2W/DayGfY8=,QrLylXHXELCjEcsOBsJqDkwLqeE=
35,-7,kyH0DRmWv5OGX1LDu2W/DayGfY8=,QrLylXHXELCjEcsOBsJqDkwLqeE=
34,-9,kyH0DRmWv5OGX1LDu2W/DayGfY8=,iyZhuyqmkW9Dys1Pf74c7X9ncfo=
39,-10,kyH0DRmWv5OGX1LDu2W/DayGfY8=,iyZhuyqmkW9Dys1Pf74c7X9ncfo=
36,-9,kyH0DRmWv5OGX1LDu2W/DayGfY8=,iyZhuyqmkW9Dys1Pf74c7X9ncfo=
37,-9,kyH0DRmWv5OGX1LDu2W/DayGfY8=,iyZhuyqmkW9Dys1Pf74c7X9ncfo=
33,-9,kyH0DRmWv5OGX1LDu2W/DayGfY8=,iyZhuyqmkW9Dys1Pf74c7X9ncfo=
32,-9,kyH0DRmWv5OGX1LDu2W/DayGfY8=,iyZhuyqmkW9Dys1Pf74c7X9ncfo=
38,-10,kyH0DRmWv5OGX1LDu2W/DayGfY8=,iyZhuyqmkW9Dys1Pf74c7X9ncfo=
35,-9,kyH0DRmWv5OGX1LDu2W/DayGfY8=,iyZhuyqmkW9Dys1Pf74c7X9ncfo=
34,-10,kyH0DRmWv5OGX1LDu2W/DayGfY8=,iyZhuyqmkW9Dys1Pf74c7X9ncfo=
38,-11,kyH0DRmWv5OGX1LDu2W/DayGfY8=,iyZhuyqmkW9Dys1Pf74c7X9ncfo=
39,-11,kyH0DRmWv5OGX1LDu2W/DayGfY8=,iyZhuyqmkW9Dys1Pf74c7X9ncfo=
37,-11,kyH0DRmWv5OGX1LDu2W/DayGfY8=,iyZhuyqmkW9Dys1Pf74c7X9ncfo=
36,-10,kyH0DRmWv5OGX1LDu2W/DayGfY8=,iyZhuyqmkW9Dys1Pf74c7X9ncfo=
37,-10,kyH0DRmWv5OGX1LDu2W/DayGfY8=,iyZhuyqmkW9Dys1Pf74c7X9ncfo=
33,-10,kyH0DRmWv5OGX1LDu2W/DayGfY8=,iyZhuyqmkW9Dys1Pf74c7X9ncfo=
39,-12,kyH0DRmWv5OGX1LDu2W/DayGfY8=,iyZhuyqmkW9Dys1Pf74c7X9ncfo=
34,-11,kyH0DRmWv5OGX1LDu2W/DayGfY8=,iyZhuyqmkW9Dys1Pf74c7X9ncfo=
36,-11,kyH0DRmWv5OGX1LDu2W/DayGfY8=,iyZhuyqmkW9Dys1Pf74c7X9ncfo=
38,-9,kyH0DRmWv5OGX1LDu2W/DayGfY8=,iyZhuyqmkW9Dys1Pf74c7X9ncfo=
38,-12,kyH0DRmWv5OGX1LDu2W/DayGfY8=,iyZhuyqmkW9Dys1Pf74c7X9ncfo=
35,-10,kyH0DRmWv5OGX1LDu2W/DayGfY8=,iyZhuyqmkW9Dys1Pf74c7X9ncfo=
39,-13,kyH0DRmWv5OGX1LDu2W/DayGfY8=,iyZhuyqmkW9Dys1Pf74c7X9ncfo=
36,-12,kyH0DRmWv5OGX1LDu2W/DayGfY8=,iyZhuyqmkW9Dys1Pf74c7X9ncfo=
38,-13,kyH0DRmWv5OGX1LDu2W/DayGfY8=,iyZhuyqmkW9Dys1Pf74c7X9ncfo=
39,-9,kyH0DRmWv5OGX1LDu2W/DayGfY8=,iyZhuyqmkW9Dys1Pf74c7X9ncfo=
37,-13,kyH0DRmWv5OGX1LDu2W/DayGfY8=,iyZhuyqmkW9Dys1Pf74c7X9ncfo=
36,-13,kyH0DRmWv5OGX1LDu2W/DayGfY8=,iyZhuyqmkW9Dys1Pf74c7X9ncfo=
32,-8,kyH0DRmWv5OGX1LDu2W/DayGfY8=,QrLylXHXELCjEcsOBsJqDkwLqeE=
32,-10,kyH0DRmWv5OGX1LDu2W/DayGfY8=,iyZhuyqmkW9Dys1Pf74c7X9ncfo=
37,-12,kyH0DRmWv5OGX1LDu2W/DayGfY8=,iyZhuyqmkW9Dys1Pf74c7X9ncfo=
35,-12,kyH0DRmWv5OGX1LDu2W/DayGfY8=,iyZhuyqmkW9Dys1Pf74c7X9ncfo=
39,-14,kyH0DRmWv5OGX1LDu2W/DayGfY8=,iyZhuyqmkW9Dys1Pf74c7X9ncfo=
38,-14,kyH0DRmWv5OGX1LDu2W/DayGfY8=,iyZhuyqmkW9Dys1Pf74c7X9ncfo=
33,-8,kyH0DRmWv5OGX1LDu2W/DayGfY8=,QrLylXHXELCjEcsOBsJqDkwLqeE=
35,-13,kyH0DRmWv5OGX1LDu2W/DayGfY8=,iyZhuyqmkW9Dys1Pf74c7X9ncfo=
37,-14,kyH0DRmWv5OGX1LDu2W/DayGfY8=,iyZhuyqmkW9Dys1Pf74c7X9ncfo=
35,-11,kyH0DRmWv5OGX1LDu2W/DayGfY8=,iyZhuyqmkW9Dys1Pf74c7X9ncfo=
33,-11,kyH0DRmWv5OGX1LDu2W/DayGfY8=,iyZhuyqmkW9Dys1Pf74c7X9ncfo=
33,-14,kyH0DRmWv5OGX1LDu2W/DayGfY8=,iyZhuyqmkW9Dys1Pf74c7X9ncfo=
34,-8,kyH0DRmWv5OGX1LDu2W/DayGfY8=,QrLylXHXELCjEcsOBsJqDkwLqeE=
34,-12,kyH0DRmWv5OGX1LDu2W/DayGfY8=,iyZhuyqmkW9Dys1Pf74c7X9ncfo=
39,-15,kyH0DRmWv5OGX1LDu2W/DayGfY8=,iyZhuyqmkW9Dys1Pf74c7X9ncfo=
38,-15,kyH0DRmWv5OGX1LDu2W/DayGfY8=,iyZhuyqmkW9Dys1Pf74c7X9ncfo=
32,-12,kyH0DRmWv5OGX1LDu2W/DayGfY8=,iyZhuyqmkW9Dys1Pf74c7X9ncfo=
40,-8,kyH0DRmWv5OGX1LDu2W/DayGfY8=,O2GqyyREbkH+mtLUxjtXSupDFkM=
33,-13,kyH0DRmWv5OGX1LDu2W/DayGfY8=,iyZhuyqmkW9Dys1Pf74c7X9ncfo=
34,-13,kyH0DRmWv5OGX1LDu2W/DayGfY8=,iyZhuyqmkW9Dys1Pf74c7X9ncfo=
34,-14,kyH0DRmWv5OGX1LDu2W/DayGfY8=,iyZhuyqmkW9Dys1Pf74c7X9ncfo=
32,-13,kyH0DRmWv5OGX1LDu2W/DayGfY8=,iyZhuyqmkW9Dys1Pf74c7X9ncfo=
32,-14,kyH0DRmWv5OGX1LDu2W/DayGfY8=,iyZhuyqmkW9Dys1Pf74c7X9ncfo=
35,-8,kyH0DRmWv5OGX1LDu2W/DayGfY8=,QrLylXHXELCjEcsOBsJqDkwLqeE=
39,-16,kyH0DRmWv5OGX1LDu2W/DayGfY8=,iyZhuyqmkW9Dys1Pf74c7X9ncfo=
39,-8,kyH0DRmWv5OGX1LDu2W/DayGfY8=,QrLylXHXELCjEcsOBsJqDkwLqeE=
38,-16,kyH0DRmWv5OGX1LDu2W/DayGfY8=,iyZhuyqmkW9Dys1Pf74c7X9ncfo=
36,-14,kyH0DRmWv5OGX1LDu2W/DayGfY8=,iyZhuyqmkW9Dys1Pf74c7X9ncfo=
37,-15,kyH0DRmWv5OGX1LDu2W/DayGfY8=,iyZhuyqmkW9Dys1Pf74c7X9ncfo=
33,-12,kyH0DRmWv5OGX1LDu2W/DayGfY8=,iyZhuyqmkW9Dys1Pf74c7X9ncfo=
38,-8,kyH0DRmWv5OGX1LDu2W/DayGfY8=,QrLylXHXELCjEcsOBsJqDkwLqeE=
35,-14,kyH0DRmWv5OGX1LDu2W/DayGfY8=,iyZhuyqmkW9Dys1Pf74c7X9ncfo=
33,-15,kyH0DRmWv5OGX1LDu2W/DayGfY8=,iyZhuyqmkW9Dys1Pf74c7X9ncfo=
34,-15,kyH0DRmWv5OGX1LDu2W/DayGfY8=,iyZhuyqmkW9Dys1Pf74c7X9ncfo=
32,-16,kyH0DRmWv5OGX1LDu2W/DayGfY8=,iyZhuyqmkW9Dys1Pf74c7X9ncfo=
32,-11,kyH0DRmWv5OGX1LDu2W/DayGfY8=,iyZhuyqmkW9Dys1Pf74c7X9ncfo=
37,-8,kyH0DRmWv5OGX1LDu2W/DayGfY8=,QrLylXHXELCjEcsOBsJqDkwLqeE=
32,-15,kyH0DRmWv5OGX1LDu2W/DayGfY8=,iyZhuyqmkW9Dys1Pf74c7X9ncfo=
34,-16,kyH0DRmWv5OGX1LDu2W/DayGfY8=,iyZhuyqmkW9Dys1Pf74c7X9ncfo=
36,-8,kyH0DRmWv5OGX1LDu2W/DayGfY8=,QrLylXHXELCjEcsOBsJqDkwLqeE=
37,-16,kyH0DRmWv5OGX1LDu2W/DayGfY8=,iyZhuyqmkW9Dys1Pf74c7X9ncfo=
35,-15,kyH0DRmWv5OGX1LDu2W/DayGfY8=,iyZhuyqmkW9Dys1Pf74c7X9ncfo=
33,-16,kyH0DRmWv5OGX1LDu2W/DayGfY8=,iyZhuyqmkW9Dys1Pf74c7X9ncfo=
35,-16,kyH0DRmWv5OGX1LDu2W/DayGfY8=,iyZhuyqmkW9Dys1Pf74c7X9ncfo=
36,-15,kyH0DRmWv5OGX1LDu2W/DayGfY8=,iyZhuyqmkW9Dys1Pf74c7X9ncfo=
36,-16,kyH0DRmWv5OGX1LDu2W/DayGfY8=,iyZhuyqmkW9Dys1Pf74c7X9ncfo=
47,-1,kyH0DRmWv5OGX1LDu2W/DayGfY8=,O2GqyyREbkH+mtLUxjtXSupDFkM=
